Radionuclide,Element,Z,A,Metastable_state,Half_life,Half_life_units,Half_life_s,Half_life_readable,Num_decay_modes,Mode_1,Fraction_1,Progeny_1,Mode_2,Fraction_2,Progeny_2,Mode_3,Fraction_3,Progeny_3,Mode_4,Fraction_4,Progeny_4
Ac-223,Ac,89,223,,2.10,m,126.0,2.10 m,1,α,0.99,Fr-219,,,,,,,,,
Ac-224,Ac,89,224,,2.78,h,10008.0,2.78 h,2,EC,0.909,Ra-224,α,0.091,Fr-220,,,,,,
Ac-225,Ac,89,225,,10.0,d,864000.0,10.0 d,1,α,1.0,Fr-221,,,,,,,,,
Ac-226,Ac,89,226,,29.37,h,105732.0,29.37 h,3,β-,0.83,Th-226,EC,0.17,Ra-226,α,6e-05,Fr-222,,,
Ac-227,Ac,89,227,,21.772,y,687057394.61376,21.772 y,2,β-,0.9862,Th-227,α,0.0138,Fr-223,,,,,,
Ac-228,Ac,89,228,,6.15,h,22140.0,6.15 h,1,β-,1.0,Th-228,,,,,,,,,
Ac-230,Ac,89,230,,122,s,122.0,122 s,1,β-,1.0,Th-230,,,,,,,,,
Ac-231,Ac,89,231,,7.5,m,450.0,7.5 m,1,β-,1.0,Th-231,,,,,,,,,
Ac-232,Ac,89,232,,119,s,119.0,119 s,1,β-,1.0,Th-232,,,,,,,,,
Ac-233,Ac,89,233,,145,s,145.0,145 s,1,β-,1.0,Th-233,,,,,,,,,
Ag-100m,Ag,47,100,m,2.24,m,134.4,2.24 m,1,β+ & EC,1.0,Pd-100,,,,,,,,,
Ag-101,Ag,47,101,,11.1,m,666.0,11.1 m,1,β+ & EC,1.0,Pd-101,,,,,,,,,
Ag-102,Ag,47,102,,12.9,m,774.0,12.9 m,1,β+ & EC,1.0,Pd-102,,,,,,,,,
Ag-102m,Ag,47,102,m,7.7,m,462.0,7.7 m,2,IT,0.49,Ag-102,β+ & EC,0.51,Pd-102,,,,,,
Ag-103,Ag,47,103,,65.7,m,3942.0,65.7 m,1,β+ & EC,1.0,Pd-103,,,,,,,,,
Ag-104,Ag,47,104,,69.2,m,4152.0,69.2 m,1,β+ & EC,1.0,Pd-104,,,,,,,,,
Ag-104m,Ag,47,104,m,33.5,m,2010.0,33.5 m,2,IT,0.0007,Ag-104,β+ & EC,0.9993,Pd-104,,,,,,
Ag-105,Ag,47,105,,41.29,d,3567456.0,41.29 d,1,EC,1.0,Pd-105,,,,,,,,,
Ag-105m,Ag,47,105,m,7.23,m,433.8,7.23 m,2,IT,0.9966,Ag-105,β+ & EC,0.0034,Pd-105,,,,,,
Ag-106,Ag,47,106,,23.96,m,1437.6000000000001,23.96 m,2,β+ & EC,0.99,Pd-106,β-,0.01,Cd-106,,,,,,
Ag-106m,Ag,47,106,m,8.28,d,715392.0,8.28 d,1,EC,1.0,Pd-106,,,,,,,,,
Ag-108,Ag,47,108,,2.37,m,142.20000000000002,2.37 m,2,β-,0.9715,Cd-108,β+ & EC,0.0285,Pd-108,,,,,,
Ag-108m,Ag,47,108,m,418,y,13190795101.44,418 y,2,IT,0.087,Ag-108,EC,0.913,Pd-108,,,,,,
Ag-109m,Ag,47,109,m,39.6,s,39.6,39.6 s,1,IT,1.0,Ag-109,,,,,,,,,
Ag-110,Ag,47,110,,24.6,s,24.6,24.6 s,2,β-,0.997,Cd-110,EC,0.003,Pd-110,,,,,,
Ag-110m,Ag,47,110,m,249.76,d,21579264.0,249.76 d,2,IT,0.0136,Ag-110,β-,0.9864,Cd-110,,,,,,
Ag-111,Ag,47,111,,7.45,d,643680.0,7.45 d,1,β-,1.0,Cd-111,,,,,,,,,
Ag-111m,Ag,47,111,m,64.8,s,64.8,64.8 s,2,IT,0.993,Ag-111,β-,0.007,Cd-111,,,,,,
Ag-112,Ag,47,112,,3.130,h,11268.0,3.130 h,1,β-,1.0,Cd-112,,,,,,,,,
Ag-113,Ag,47,113,,5.37,h,19332.0,5.37 h,2,β-,0.98261,Cd-113,β-,0.017388,Cd-113m,,,,,,
Ag-113m,Ag,47,113,m,68.7,s,68.7,68.7 s,2,IT,0.64,Ag-113,β-,0.36,Cd-113,,,,,,
Ag-114,Ag,47,114,,4.6,s,4.6,4.6 s,1,β-,1.0,Cd-114,,,,,,,,,
Ag-115,Ag,47,115,,20.0,m,1200.0,20.0 m,2,β-,0.9421,Cd-115,β-,0.05787,Cd-115m,,,,,,
Ag-116,Ag,47,116,,2.68,m,160.8,2.68 m,1,β-,1.0,Cd-116,,,,,,,,,
Ag-117,Ag,47,117,,73.6,s,73.6,73.6 s,2,β-,0.84703,Cd-117,β-,0.15297,Cd-117m,,,,,,
Ag-99,Ag,47,99,,124,s,124.0,124 s,1,β+ & EC,1.0,Pd-99,,,,,,,,,
Al-26,Al,13,26,,7.17E+5,y,22626315999360.0,0.717 My,1,β+ & EC,1.0,Mg-26,,,,,,,,,
Al-28,Al,13,28,,2.2414,m,134.484,2.2414 m,1,β-,1.0,Si-28,,,,,,,,,
Al-29,Al,13,29,,6.56,m,393.59999999999997,6.56 m,1,β-,1.0,Si-29,,,,,,,,,
Am-237,Am,95,237,,73.0,m,4380.0,73.0 m,2,EC,0.99975,Pu-237,α,0.00025,Np-233,,,,,,
Am-238,Am,95,238,,98,m,5880.0,98 m,2,β+ & EC,1.0,Pu-238,α,1e-06,Np-234,,,,,,
Am-239,Am,95,239,,11.9,h,42840.0,11.9 h,2,EC,0.9999,Pu-239,α,0.0001,Np-235,,,,,,
Am-240,Am,95,240,,50.8,h,182880.0,50.8 h,2,EC,1.0,Pu-240,α,1.9e-06,Np-236,,,,,,
Am-241,Am,95,241,,432.2,y,13638903451.776001,432.2 y,1,α,1.0,Np-237,,,,,,,,,
Am-242,Am,95,242,,16.02,h,57672.0,16.02 h,2,β-,0.827,Cm-242,EC,0.173,Pu-242,,,,,,
Am-242m,Am,95,242,m,141,y,4449526577.280001,141 y,2,IT,0.9955,Am-242,α,0.0045,Np-238,,,,,,
Am-243,Am,95,243,,7.37E+3,y,232574545209.6,7.37 ky,1,α,1.0,Np-239,,,,,,,,,
Am-244,Am,95,244,,10.1,h,36360.0,10.1 h,1,β-,1.0,Cm-244,,,,,,,,,
Am-244m,Am,95,244,m,26,m,1560.0,26 m,1,β-,0.9996,Cm-244,,,,,,,,,
Am-245,Am,95,245,,2.05,h,7379.999999999999,2.05 h,1,β-,1.0,Cm-245,,,,,,,,,
Am-246,Am,95,246,,39,m,2340.0,39 m,1,β-,1.0,Cm-246,,,,,,,,,
Am-246m,Am,95,246,m,25.0,m,1500.0,25.0 m,1,β-,1.0,Cm-246,,,,,,,,,
Am-247,Am,95,247,,23.0,m,1380.0,23.0 m,1,β-,1.0,Cm-247,,,,,,,,,
Ar-37,Ar,18,37,,35.04,d,3027456.0,35.04 d,1,EC,1.0,Cl-37,,,,,,,,,
Ar-39,Ar,18,39,,269,y,8488813115.52,269 y,1,β-,1.0,K-39,,,,,,,,,
Ar-41,Ar,18,41,,109.61,m,6576.6,109.61 m,1,β-,1.0,K-41,,,,,,,,,
Ar-42,Ar,18,42,,32.9,y,1038222868.0320001,32.9 y,1,β-,1.0,K-42,,,,,,,,,
Ar-43,Ar,18,43,,5.37,m,322.2,5.37 m,1,β-,1.0,K-43,,,,,,,,,
Ar-44,Ar,18,44,,11.87,m,712.1999999999999,11.87 m,1,β-,1.0,K-44,,,,,,,,,
As-68,As,33,68,,151.6,s,151.6,151.6 s,1,β+ & EC,1.0,Ge-68,,,,,,,,,
As-69,As,33,69,,15.23,m,913.8000000000001,15.23 m,1,β+ & EC,1.0,Ge-69,,,,,,,,,
As-70,As,33,70,,52.6,m,3156.0,52.6 m,1,β+ & EC,1.0,Ge-70,,,,,,,,,
As-71,As,33,71,,65.28,h,235008.0,65.28 h,1,β+ & EC,1.0,Ge-71,,,,,,,,,
As-72,As,33,72,,26.0,h,93600.0,26.0 h,1,β+ & EC,1.0,Ge-72,,,,,,,,,
As-73,As,33,73,,80.30,d,6937920.0,80.30 d,1,EC,1.0,Ge-73,,,,,,,,,
As-74,As,33,74,,17.77,d,1535328.0,17.77 d,2,β+ & EC,0.66,Ge-74,β-,0.34,Se-74,,,,,,
As-76,As,33,76,,1.0778,d,93121.92000000001,1.0778 d,1,β-,1.0,Se-76,,,,,,,,,
As-77,As,33,77,,38.83,h,139788.0,38.83 h,1,β-,1.0,Se-77,,,,,,,,,
As-78,As,33,78,,90.7,m,5442.0,90.7 m,1,β-,1.0,Se-78,,,,,,,,,
As-79,As,33,79,,9.01,m,540.6,9.01 m,2,β-,0.97188,Se-79m,β-,0.028121,Se-79,,,,,,
At-204,At,85,204,,9.2,m,552.0,9.2 m,2,β+ & EC,0.962,Po-204,α,0.038,Bi-200,,,,,,
At-205,At,85,205,,26.2,m,1572.0,26.2 m,2,β+ & EC,0.9,Po-205,α,0.1,Bi-201,,,,,,
At-206,At,85,206,,30.6,m,1836.0,30.6 m,2,β+ & EC,0.9911,Po-206,α,0.0089,Bi-202,,,,,,
At-207,At,85,207,,1.80,h,6480.0,1.80 h,2,β+ & EC,0.914,Po-207,α,0.086,Bi-203,,,,,,
At-208,At,85,208,,1.63,h,5868.0,1.63 h,2,β+ & EC,0.9945,Po-208,α,0.0055,Bi-204,,,,,,
At-209,At,85,209,,5.41,h,19476.0,5.41 h,2,β+ & EC,0.959,Po-209,α,0.041,Bi-205,,,,,,
At-210,At,85,210,,8.1,h,29160.0,8.1 h,2,β+ & EC,0.99825,Po-210,α,0.00175,Bi-206,,,,,,
At-211,At,85,211,,7.214,h,25970.4,7.214 h,2,EC,0.582,Po-211,α,0.418,Bi-207,,,,,,
At-215,At,85,215,,1.00E-4,s,0.0001,0.100 ms,1,α,1.0,Bi-211,,,,,,,,,
At-216,At,85,216,,3.00E-4,s,0.0003,0.300 ms,1,α,1.0,Bi-212,,,,,,,,,
At-217,At,85,217,,3.23E-2,s,0.0323,32.3 ms,1,α,0.99988,Bi-213,,,,,,,,,
At-218,At,85,218,,1.5,s,1.5,1.5 s,2,α,0.999,Bi-214,β-,0.001,Rn-218,,,,,,
At-219,At,85,219,,56,s,56.0,56 s,1,α,0.97,Bi-215,,,,,,,,,
At-220,At,85,220,,3.71,m,222.6,3.71 m,2,β-,0.92,Rn-220,α,0.08,Bi-216,,,,,,
Au-186,Au,79,186,,10.7,m,642.0,10.7 m,1,β+ & EC,1.0,Pt-186,,,,,,,,,
Au-187,Au,79,187,,8.4,m,504.0,8.4 m,2,β+ & EC,1.0,Pt-187,α,3e-05,Ir-183,,,,,,
Au-190,Au,79,190,,42.8,m,2568.0,42.8 m,1,β+ & EC,1.0,Pt-190,,,,,,,,,
Au-191,Au,79,191,,3.18,h,11448.0,3.18 h,1,β+ & EC,1.0,Pt-191,,,,,,,,,
Au-192,Au,79,192,,4.94,h,17784.0,4.94 h,1,β+ & EC,1.0,Pt-192,,,,,,,,,
Au-193,Au,79,193,,17.65,h,63539.99999999999,17.65 h,1,EC,1.0,Pt-193,,,,,,,,,
Au-193m,Au,79,193,m,3.9,s,3.9,3.9 s,2,IT,0.9997,Au-193,EC,0.0003,Pt-193m,,,,,,
Au-194,Au,79,194,,38.02,h,136872.0,38.02 h,1,β+ & EC,1.0,Pt-194,,,,,,,,,
Au-195,Au,79,195,,186.098,d,16078867.200000001,186.098 d,1,EC,1.0,Pt-195,,,,,,,,,
Au-195m,Au,79,195,m,30.5,s,30.5,30.5 s,1,IT,1.0,Au-195,,,,,,,,,
Au-196,Au,79,196,,6.183,d,534211.2,6.183 d,2,EC,0.928,Pt-196,β-,0.072,Hg-196,,,,,,
Au-196m,Au,79,196,m,9.6,h,34560.0,9.6 h,1,IT,1.0,Au-196,,,,,,,,,
Au-198,Au,79,198,,2.69517,d,232862.688,2.69517 d,1,β-,1.0,Hg-198,,,,,,,,,
Au-198m,Au,79,198,m,2.27,d,196128.0,2.27 d,1,IT,1.0,Au-198,,,,,,,,,
Au-199,Au,79,199,,3.139,d,271209.6,3.139 d,1,β-,1.0,Hg-199,,,,,,,,,
Au-200,Au,79,200,,48.4,m,2904.0,48.4 m,1,β-,1.0,Hg-200,,,,,,,,,
Au-200m,Au,79,200,m,18.7,h,67320.0,18.7 h,2,IT,0.18,Au-200,β-,0.82,Hg-200,,,,,,
Au-201,Au,79,201,,26,m,1560.0,26 m,1,β-,1.0,Hg-201,,,,,,,,,
Au-202,Au,79,202,,28.8,s,28.8,28.8 s,1,β-,1.0,Hg-202,,,,,,,,,
Ba-124,Ba,56,124,,11.0,m,660.0,11.0 m,1,β+ & EC,1.0,Cs-124,,,,,,,,,
Ba-126,Ba,56,126,,100,m,6000.0,100 m,1,β+ & EC,1.0,Cs-126,,,,,,,,,
Ba-127,Ba,56,127,,12.7,m,762.0,12.7 m,1,β+ & EC,1.0,Cs-127,,,,,,,,,
Ba-128,Ba,56,128,,2.43,d,209952.0,2.43 d,1,EC,1.0,Cs-128,,,,,,,,,
Ba-129,Ba,56,129,,2.23,h,8028.0,2.23 h,1,β+ & EC,1.0,Cs-129,,,,,,,,,
Ba-129m,Ba,56,129,m,2.16,h,7776.000000000001,2.16 h,1,β+ & EC,1.0,Cs-129,,,,,,,,,
Ba-131,Ba,56,131,,11.50,d,993600.0,11.50 d,1,EC,1.0,Cs-131,,,,,,,,,
Ba-131m,Ba,56,131,m,14.6,m,876.0,14.6 m,1,IT,1.0,Ba-131,,,,,,,,,
Ba-133,Ba,56,133,,10.52,y,331978862.3616,10.52 y,1,EC,1.0,Cs-133,,,,,,,,,
Ba-133m,Ba,56,133,m,38.9,h,140040.0,38.9 h,2,IT,0.9999,Ba-133,EC,9.6e-05,Cs-133,,,,,,
Ba-135m,Ba,56,135,m,28.7,h,103320.0,28.7 h,1,IT,1.0,Ba-135,,,,,,,,,
Ba-137m,Ba,56,137,m,2.552,m,153.12,2.552 m,1,IT,1.0,Ba-137,,,,,,,,,
Ba-139,Ba,56,139,,83.06,m,4983.6,83.06 m,1,β-,1.0,La-139,,,,,,,,,
Ba-140,Ba,56,140,,12.752,d,1101772.8,12.752 d,1,β-,1.0,La-140,,,,,,,,,
Ba-141,Ba,56,141,,18.27,m,1096.2,18.27 m,1,β-,1.0,La-141,,,,,,,,,
Ba-142,Ba,56,142,,10.6,m,636.0,10.6 m,1,β-,1.0,La-142,,,,,,,,,
Be-10,Be,4,10,,1.51E+6,y,47650958380800.0,1.51 My,1,β-,1.0,B-10,,,,,,,,,
Be-7,Be,4,7,,53.22,d,4598208.0,53.22 d,1,EC,1.0,Li-7,,,,,,,,,
Bi-197,Bi,83,197,,9.3,m,558.0,9.3 m,2,β+ & EC,0.56103,Pb-197,β+ & EC,0.43897,Pb-197m,,,,,,
Bi-200,Bi,83,200,,36.4,m,2184.0,36.4 m,1,β+ & EC,1.0,Pb-200,,,,,,,,,
Bi-201,Bi,83,201,,108,m,6480.0,108 m,2,β+ & EC,0.54833,Pb-201,β+ & EC,0.45167,Pb-201m,,,,,,
Bi-202,Bi,83,202,,1.72,h,6192.0,1.72 h,1,β+ & EC,1.0,Pb-202,,,,,,,,,
Bi-203,Bi,83,203,,11.76,h,42336.0,11.76 h,1,β+ & EC,1.0,Pb-203,,,,,,,,,
Bi-204,Bi,83,204,,11.22,h,40392.0,11.22 h,2,β+ & EC,0.098525,Pb-204m,β+ & EC,0.90148,Pb-204,,,,,,
Bi-205,Bi,83,205,,15.31,d,1322784.0,15.31 d,1,β+ & EC,1.0,Pb-205,,,,,,,,,
Bi-206,Bi,83,206,,6.243,d,539395.2000000001,6.243 d,1,β+ & EC,1.0,Pb-206,,,,,,,,,
Bi-207,Bi,83,207,,32.9,y,1038222868.0320001,32.9 y,1,β+ & EC,1.0,Pb-207,,,,,,,,,
Bi-208,Bi,83,208,,3.68E+5,y,11612948797440.0,0.368 My,1,EC,1.0,Pb-208,,,,,,,,,
Bi-210,Bi,83,210,,5.013,d,433123.2,5.013 d,2,β-,1.0,Po-210,α,1.32e-06,Tl-206,,,,,,
Bi-210m,Bi,83,210,m,3.04E+6,y,95933055283200.0,3.04 My,1,α,1.0,Tl-206,,,,,,,,,
Bi-211,Bi,83,211,,2.14,m,128.4,2.14 m,2,α,0.99724,Tl-207,β-,0.00276,Po-211,,,,,,
Bi-212,Bi,83,212,,60.55,m,3633.0,60.55 m,2,β-,0.6406,Po-212,α,0.3594,Tl-208,,,,,,
Bi-212n,Bi,83,212,n,7.0,m,420.0,7.0 m,1,β-,1.0,Po-212m,,,,,,,,,
Bi-213,Bi,83,213,,45.59,m,2735.4,45.59 m,2,β-,0.9791,Po-213,α,0.0209,Tl-209,,,,,,
Bi-214,Bi,83,214,,19.9,m,1194.0,19.9 m,2,β-,0.99979,Po-214,α,0.00021,Tl-210,,,,,,
Bi-215,Bi,83,215,,7.6,m,456.0,7.6 m,1,β-,1.0,Po-215,,,,,,,,,
Bi-216,Bi,83,216,,2.17,m,130.2,2.17 m,1,β-,1.0,Po-216,,,,,,,,,
Bk-245,Bk,97,245,,4.94,d,426816.00000000006,4.94 d,2,EC,0.9988,Cm-245,α,0.0012,Am-241,,,,,,
Bk-246,Bk,97,246,,1.80,d,155520.0,1.80 d,1,EC,1.0,Cm-246,,,,,,,,,
Bk-247,Bk,97,247,,1.38E+3,y,43548557990.4,1.38 ky,1,α,1.0,Am-243,,,,,,,,,
Bk-248m,Bk,97,248,m,23.7,h,85320.0,23.7 h,2,β-,0.7,Cf-248,EC,0.3,Cm-248,,,,,,
Bk-249,Bk,97,249,,330,d,28512000.0,330 d,2,β-,1.0,Cf-249,α,1.45e-05,Am-245,,,,,,
Bk-250,Bk,97,250,,3.212,h,11563.2,3.212 h,1,β-,1.0,Cf-250,,,,,,,,,
Bk-251,Bk,97,251,,55.6,m,3336.0,55.6 m,1,β-,1.0,Cf-251,,,,,,,,,
Br-72,Br,35,72,,78.6,s,78.6,78.6 s,1,β+ & EC,1.0,Se-72,,,,,,,,,
Br-73,Br,35,73,,3.4,m,204.0,3.4 m,2,β+ & EC,0.99881,Se-73m,β+ & EC,0.001192,Se-73,,,,,,
Br-74,Br,35,74,,25.4,m,1524.0,25.4 m,1,β+ & EC,1.0,Se-74,,,,,,,,,
Br-74m,Br,35,74,m,46,m,2760.0,46 m,1,β+ & EC,1.0,Se-74,,,,,,,,,
Br-75,Br,35,75,,96.7,m,5802.0,96.7 m,1,β+ & EC,1.0,Se-75,,,,,,,,,
Br-76,Br,35,76,,16.2,h,58320.0,16.2 h,1,β+ & EC,1.0,Se-76,,,,,,,,,
Br-76m,Br,35,76,m,1.31,s,1.31,1.31 s,2,IT,0.997,Br-76,β+ & EC,0.003,Se-76,,,,,,
Br-77,Br,35,77,,57.036,h,205329.6,57.036 h,1,β+ & EC,1.0,Se-77,,,,,,,,,
Br-77m,Br,35,77,m,4.28,m,256.8,4.28 m,1,IT,1.0,Br-77,,,,,,,,,
Br-78,Br,35,78,,6.46,m,387.6,6.46 m,2,β+ & EC,0.9999,Se-78,β-,0.0001,Kr-78,,,,,,
Br-80,Br,35,80,,17.68,m,1060.8,17.68 m,2,β-,0.917,Kr-80,β+ & EC,0.083,Se-80,,,,,,
Br-80m,Br,35,80,m,4.4205,h,15913.8,4.4205 h,1,IT,1.0,Br-80,,,,,,,,,
Br-82,Br,35,82,,35.30,h,127079.99999999999,35.30 h,1,β-,1.0,Kr-82,,,,,,,,,
Br-82m,Br,35,82,m,6.13,m,367.8,6.13 m,2,IT,0.976,Br-82,β-,0.024,Kr-82,,,,,,
Br-83,Br,35,83,,2.40,h,8640.0,2.40 h,2,β-,0.99845,Kr-83m,β-,0.0015519,Kr-83,,,,,,
Br-84,Br,35,84,,31.80,m,1908.0,31.80 m,1,β-,1.0,Kr-84,,,,,,,,,
Br-84m,Br,35,84,m,6.0,m,360.0,6.0 m,1,β-,1.0,Kr-84,,,,,,,,,
Br-85,Br,35,85,,2.90,m,174.0,2.90 m,2,β-,0.99779,Kr-85m,β-,0.0022112,Kr-85,,,,,,
C-10,C,6,10,,19.255,s,19.255,19.255 s,1,β+ & EC,1.0,B-10,,,,,,,,,
C-11,C,6,11,,20.39,m,1223.4,20.39 m,1,β+ & EC,1.0,B-11,,,,,,,,,
C-14,C,6,14,,5.70E+3,y,179874478656.0,5.70 ky,1,β-,1.0,N-14,,,,,,,,,
Ca-41,Ca,20,41,,1.02E+5,y,3218806460160.0,0.102 My,1,EC,1.0,K-41,,,,,,,,,
Ca-45,Ca,20,45,,162.67,d,14054687.999999998,162.67 d,1,β-,1.0,Sc-45,,,,,,,,,
Ca-47,Ca,20,47,,4.536,d,391910.39999999997,4.536 d,1,β-,1.0,Sc-47,,,,,,,,,
Ca-49,Ca,20,49,,8.718,m,523.08,8.718 m,1,β-,1.0,Sc-49,,,,,,,,,
Cd-101,Cd,48,101,,1.36,m,81.60000000000001,1.36 m,1,β+ & EC,1.0,Ag-101,,,,,,,,,
Cd-102,Cd,48,102,,5.5,m,330.0,5.5 m,2,β+ & EC,0.94624,Ag-102m,β+ & EC,0.053762,Ag-102,,,,,,
Cd-103,Cd,48,103,,7.3,m,438.0,7.3 m,1,β+ & EC,1.0,Ag-103,,,,,,,,,
Cd-104,Cd,48,104,,57.7,m,3462.0,57.7 m,1,EC,1.0,Ag-104m,,,,,,,,,
Cd-105,Cd,48,105,,55.5,m,3330.0,55.5 m,2,β+ & EC,0.82963,Ag-105m,β+ & EC,0.17037,Ag-105,,,,,,
Cd-107,Cd,48,107,,6.50,h,23400.0,6.50 h,1,β+ & EC,1.0,Ag-107,,,,,,,,,
Cd-109,Cd,48,109,,461.4,d,39864960.0,461.4 d,1,EC,1.0,Ag-109,,,,,,,,,
Cd-111m,Cd,48,111,m,48.50,m,2910.0,48.50 m,1,IT,1.0,Cd-111,,,,,,,,,
Cd-113,Cd,48,113,,7.7E+15,y,2.42988330816e+23,7.7 Py,1,β-,1.0,In-113,,,,,,,,,
Cd-113m,Cd,48,113,m,14.1,y,444952657.72800004,14.1 y,2,IT,0.0014,Cd-113,β-,0.9986,In-113,,,,,,
Cd-115,Cd,48,115,,53.46,h,192456.0,53.46 h,1,β-,1.0,In-115m,,,,,,,,,
Cd-115m,Cd,48,115,m,44.6,d,3853440.0,44.6 d,2,β-,0.99989,In-115,β-,0.00010578,In-115m,,,,,,
Cd-117,Cd,48,117,,2.49,h,8964.0,2.49 h,2,β-,0.91507,In-117m,β-,0.084933,In-117,,,,,,
Cd-117m,Cd,48,117,m,3.36,h,12096.0,3.36 h,2,β-,0.99002,In-117,β-,0.0099831,In-117m,,,,,,
Cd-118,Cd,48,118,,50.3,m,3018.0,50.3 m,1,β-,1.0,In-118,,,,,,,,,
Cd-119,Cd,48,119,,2.69,m,161.4,2.69 m,2,β-,0.90091,In-119m,β-,0.099092,In-119,,,,,,
Cd-119m,Cd,48,119,m,2.20,m,132.0,2.20 m,2,β-,0.99787,In-119,β-,0.0021328,In-119m,,,,,,
Ce-130,Ce,58,130,,22.9,m,1374.0,22.9 m,1,β+ & EC,1.0,La-130,,,,,,,,,
Ce-131,Ce,58,131,,10.2,m,612.0,10.2 m,1,β+ & EC,1.0,La-131,,,,,,,,,
Ce-132,Ce,58,132,,3.51,h,12636.0,3.51 h,1,EC,1.0,La-132,,,,,,,,,
Ce-133,Ce,58,133,,97,m,5820.0,97 m,1,β+ & EC,1.0,La-133,,,,,,,,,
Ce-133m,Ce,58,133,m,4.9,h,17640.0,4.9 h,1,β+ & EC,1.0,La-133,,,,,,,,,
Ce-134,Ce,58,134,,3.16,d,273024.0,3.16 d,1,EC,1.0,La-134,,,,,,,,,
Ce-135,Ce,58,135,,17.7,h,63720.0,17.7 h,1,β+ & EC,1.0,La-135,,,,,,,,,
Ce-137,Ce,58,137,,9.0,h,32400.0,9.0 h,1,β+ & EC,1.0,La-137,,,,,,,,,
Ce-137m,Ce,58,137,m,34.4,h,123840.0,34.4 h,2,IT,0.9922,Ce-137,EC,0.0078,La-137,,,,,,
Ce-139,Ce,58,139,,137.641,d,11892182.399999999,137.641 d,1,EC,1.0,La-139,,,,,,,,,
Ce-141,Ce,58,141,,32.508,d,2808691.2,32.508 d,1,β-,1.0,Pr-141,,,,,,,,,
Ce-143,Ce,58,143,,33.039,h,118940.40000000001,33.039 h,1,β-,1.0,Pr-143,,,,,,,,,
Ce-144,Ce,58,144,,284.91,d,24616224.000000004,284.91 d,2,β-,0.99023,Pr-144,β-,0.0097699,Pr-144m,,,,,,
Ce-145,Ce,58,145,,3.01,m,180.6,3.01 m,1,β-,1.0,Pr-145,,,,,,,,,
Cf-244,Cf,98,244,,19.4,m,1164.0,19.4 m,1,α,1.0,Cm-240,,,,,,,,,
Cf-246,Cf,98,246,,35.7,h,128520.00000000001,35.7 h,2,α,1.0,Cm-242,SF,2.5e-06,SF,,,,,,
Cf-247,Cf,98,247,,3.11,h,11196.0,3.11 h,2,EC,0.99965,Bk-247,α,0.00035,Cm-243,,,,,,
Cf-248,Cf,98,248,,334,d,28857600.0,334 d,2,α,0.99997,Cm-244,SF,2.9e-05,SF,,,,,,
Cf-249,Cf,98,249,,351,y,11076481054.08,351 y,2,α,1.0,Cm-245,SF,5.02e-09,SF,,,,,,
Cf-250,Cf,98,250,,13.08,y,412764593.12640005,13.08 y,2,α,0.99923,Cm-246,SF,0.00077,SF,,,,,,
Cf-251,Cf,98,251,,900,y,28401233472.0,900 y,1,α,1.0,Cm-247,,,,,,,,,
Cf-252,Cf,98,252,,2.645,y,83468069.4816,2.645 y,2,α,0.96908,Cm-248,SF,0.03092,SF,,,,,,
Cf-253,Cf,98,253,,17.81,d,1538784.0,17.81 d,2,β-,0.9969,Es-253,α,0.0031,Cm-249,,,,,,
Cf-254,Cf,98,254,,60.5,d,5227200.0,60.5 d,2,α,0.0031,Cm-250,SF,0.9969,SF,,,,,,
Cf-255,Cf,98,255,,85,m,5100.0,85 m,1,β-,1.0,Es-255,,,,,,,,,
Cl-34,Cl,17,34,,1.5264,s,1.5264,1.5264 s,1,β+ & EC,1.0,S-34,,,,,,,,,
Cl-34m,Cl,17,34,m,32.00,m,1920.0,32.00 m,2,IT,0.446,Cl-34,β+ & EC,0.554,S-34,,,,,,
Cl-36,Cl,17,36,,3.01E+5,y,9498634750080.0,0.301 My,2,β-,0.981,Ar-36,β+ & EC,0.019,S-36,,,,,,
Cl-38,Cl,17,38,,37.24,m,2234.4,37.24 m,1,β-,1.0,Ar-38,,,,,,,,,
Cl-39,Cl,17,39,,55.6,m,3336.0,55.6 m,1,β-,1.0,Ar-39,,,,,,,,,
Cl-40,Cl,17,40,,1.35,m,81.0,1.35 m,1,β-,1.0,Ar-40,,,,,,,,,
Cm-238,Cm,96,238,,2.4,h,8640.0,2.4 h,2,EC,0.9616,Am-238,α,0.0384,Pu-234,,,,,,
Cm-239,Cm,96,239,,2.9,h,10440.0,2.9 h,1,β+ & EC,1.0,Am-239,,,,,,,,,
Cm-240,Cm,96,240,,27,d,2332800.0,27 d,2,α,0.997,Pu-236,SF,3.9e-08,SF,,,,,,
Cm-241,Cm,96,241,,32.8,d,2833919.9999999995,32.8 d,2,EC,0.99,Am-241,α,0.01,Pu-237,,,,,,
Cm-242,Cm,96,242,,162.8,d,14065920.000000002,162.8 d,2,α,1.0,Pu-238,SF,6.37e-08,SF,,,,,,
Cm-243,Cm,96,243,,29.1,y,918306548.9280001,29.1 y,2,α,0.9976,Pu-239,EC,0.0024,Am-243,,,,,,
Cm-244,Cm,96,244,,18.10,y,571180362.0480001,18.10 y,2,α,1.0,Pu-240,SF,1.371e-06,SF,,,,,,
Cm-245,Cm,96,245,,8.5E+3,y,268233871680.00003,8.5 ky,2,α,1.0,Pu-241,SF,6.1e-09,SF,,,,,,
Cm-246,Cm,96,246,,4.76E+3,y,150210968140.80002,4.76 ky,2,α,0.99974,Pu-242,SF,0.000263,SF,,,,,,
Cm-247,Cm,96,247,,1.56E+7,y,492288046848000.0,15.6 My,1,α,1.0,Pu-243,,,,,,,,,
Cm-248,Cm,96,248,,3.48E+5,y,10981810275840.0,0.348 My,2,α,0.9161,Pu-244,SF,0.0839,SF,,,,,,
Cm-249,Cm,96,249,,64.15,m,3849.0000000000005,64.15 m,1,β-,1.0,Bk-249,,,,,,,,,
Cm-250,Cm,96,250,,8300,y,261922486464.00003,8300 y,3,α,0.18,Pu-246,β-,0.08,Bk-250,SF,0.74,SF,,,
Cm-251,Cm,96,251,,16.8,m,1008.0,16.8 m,1,β-,1.0,Bk-251,,,,,,,,,
Co-54m,Co,27,54,m,1.48,m,88.8,1.48 m,1,β+ & EC,1.0,Fe-54,,,,,,,,,
Co-55,Co,27,55,,17.53,h,63108.00000000001,17.53 h,1,β+ & EC,1.0,Fe-55,,,,,,,,,
Co-56,Co,27,56,,77.23,d,6672672.0,77.23 d,1,β+ & EC,1.0,Fe-56,,,,,,,,,
Co-57,Co,27,57,,271.74,d,23478336.0,271.74 d,1,EC,1.0,Fe-57,,,,,,,,,
Co-58,Co,27,58,,70.86,d,6122304.0,70.86 d,1,β+ & EC,1.0,Fe-58,,,,,,,,,
Co-58m,Co,27,58,m,9.04,h,32543.999999999996,9.04 h,1,IT,1.0,Co-58,,,,,,,,,
Co-60,Co,27,60,,5.2713,y,166346024.445504,5.2713 y,1,β-,1.0,Ni-60,,,,,,,,,
Co-60m,Co,27,60,m,10.467,m,628.02,10.467 m,2,IT,0.9976,Co-60,β-,0.0024,Ni-60,,,,,,
Co-61,Co,27,61,,1.650,h,5940.0,1.650 h,1,β-,1.0,Ni-61,,,,,,,,,
Co-62,Co,27,62,,1.50,m,90.0,1.50 m,1,β-,1.0,Ni-62,,,,,,,,,
Co-62m,Co,27,62,m,13.91,m,834.6,13.91 m,1,β-,1.0,Ni-62,,,,,,,,,
Cr-48,Cr,24,48,,21.56,h,77616.0,21.56 h,1,β+ & EC,1.0,V-48,,,,,,,,,
Cr-49,Cr,24,49,,42.3,m,2538.0,42.3 m,1,β+ & EC,1.0,V-49,,,,,,,,,
Cr-51,Cr,24,51,,27.7025,d,2393496.0,27.7025 d,1,EC,1.0,V-51,,,,,,,,,
Cr-55,Cr,24,55,,3.497,m,209.82,3.497 m,1,β-,1.0,Mn-55,,,,,,,,,
Cr-56,Cr,24,56,,5.94,m,356.40000000000003,5.94 m,1,β-,1.0,Mn-56,,,,,,,,,
Cs-121,Cs,55,121,,155,s,155.0,155 s,1,β+ & EC,1.0,Xe-121,,,,,,,,,
Cs-121m,Cs,55,121,m,122,s,122.0,122 s,2,β+ & EC,0.83,Xe-121,IT,0.17,Cs-121,,,,,,
Cs-123,Cs,55,123,,5.88,m,352.8,5.88 m,1,β+ & EC,1.0,Xe-123,,,,,,,,,
Cs-124,Cs,55,124,,30.8,s,30.8,30.8 s,1,β+ & EC,1.0,Xe-124,,,,,,,,,
Cs-125,Cs,55,125,,45,m,2700.0,45 m,1,β+ & EC,1.0,Xe-125,,,,,,,,,
Cs-126,Cs,55,126,,1.64,m,98.39999999999999,1.64 m,1,β+ & EC,1.0,Xe-126,,,,,,,,,
Cs-127,Cs,55,127,,6.25,h,22500.0,6.25 h,1,β+ & EC,1.0,Xe-127,,,,,,,,,
Cs-128,Cs,55,128,,3.640,m,218.4,3.640 m,1,β+ & EC,1.0,Xe-128,,,,,,,,,
Cs-129,Cs,55,129,,32.06,h,115416.00000000001,32.06 h,1,β+ & EC,1.0,Xe-129,,,,,,,,,
Cs-130,Cs,55,130,,29.21,m,1752.6000000000001,29.21 m,2,β+ & EC,0.984,Xe-130,β-,0.016,Ba-130,,,,,,
Cs-130m,Cs,55,130,m,3.46,m,207.6,3.46 m,2,IT,0.9984,Cs-130,EC,0.0016,Xe-130,,,,,,
Cs-131,Cs,55,131,,9.689,d,837129.6,9.689 d,1,EC,1.0,Xe-131,,,,,,,,,
Cs-132,Cs,55,132,,6.479,d,559785.6,6.479 d,2,β+ & EC,0.9813,Xe-132,β-,0.0187,Ba-132,,,,,,
Cs-134,Cs,55,134,,2.0648,y,65158740.969984,2.0648 y,2,β-,1.0,Ba-134,EC,3e-06,Xe-134,,,,,,
Cs-134m,Cs,55,134,m,2.903,h,10450.8,2.903 h,1,IT,1.0,Cs-134,,,,,,,,,
Cs-135,Cs,55,135,,2.3E+6,y,72580929984000.0,2.3 My,1,β-,1.0,Ba-135,,,,,,,,,
Cs-135m,Cs,55,135,m,53,m,3180.0,53 m,1,IT,1.0,Cs-135,,,,,,,,,
Cs-136,Cs,55,136,,13.16,d,1137024.0,13.16 d,1,β-,1.0,Ba-136,,,,,,,,,
Cs-137,Cs,55,137,,30.1671,y,951980944.7479681,30.1671 y,2,β-,0.94399,Ba-137m,β-,0.056005,Ba-137,,,,,,
Cs-138,Cs,55,138,,33.41,m,2004.6,33.41 m,1,β-,1.0,Ba-138,,,,,,,,,
Cs-138m,Cs,55,138,m,2.91,m,174.60000000000002,2.91 m,2,IT,0.81,Cs-138,β-,0.19,Ba-138,,,,,,
Cs-139,Cs,55,139,,9.27,m,556.1999999999999,9.27 m,1,β-,1.0,Ba-139,,,,,,,,,
Cs-140,Cs,55,140,,63.7,s,63.7,63.7 s,1,β-,1.0,Ba-140,,,,,,,,,
Cu-57,Cu,29,57,,0.1963,s,0.1963,0.1963 s,1,β+ & EC,1.0,Ni-57,,,,,,,,,
Cu-59,Cu,29,59,,81.5,s,81.5,81.5 s,1,β+ & EC,1.0,Ni-59,,,,,,,,,
Cu-60,Cu,29,60,,23.7,m,1422.0,23.7 m,1,β+ & EC,1.0,Ni-60,,,,,,,,,
Cu-61,Cu,29,61,,3.333,h,11998.800000000001,3.333 h,1,β+ & EC,1.0,Ni-61,,,,,,,,,
Cu-62,Cu,29,62,,9.673,m,580.38,9.673 m,1,β+ & EC,1.0,Ni-62,,,,,,,,,
Cu-64,Cu,29,64,,12.700,h,45720.0,12.700 h,2,β+ & EC,0.61,Ni-64,β-,0.39,Zn-64,,,,,,
Cu-66,Cu,29,66,,5.120,m,307.2,5.120 m,1,β-,1.0,Zn-66,,,,,,,,,
Cu-67,Cu,29,67,,61.83,h,222588.0,61.83 h,1,β-,1.0,Zn-67,,,,,,,,,
Cu-69,Cu,29,69,,2.85,m,171.0,2.85 m,1,β-,1.0,Zn-69,,,,,,,,,
Dy-148,Dy,66,148,,3.3,m,198.0,3.3 m,1,β+ & EC,1.0,Tb-148,,,,,,,,,
Dy-149,Dy,66,149,,4.20,m,252.0,4.20 m,2,β+ & EC,0.56682,Tb-149,β+ & EC,0.43318,Tb-149m,,,,,,
Dy-150,Dy,66,150,,7.17,m,430.2,7.17 m,2,β+ & EC,0.64,Tb-150,α,0.36,Gd-146,,,,,,
Dy-151,Dy,66,151,,17.9,m,1074.0,17.9 m,3,β+ & EC,0.53377,Tb-151,β+ & EC,0.41023,Tb-151m,α,0.056,Gd-147,,,
Dy-152,Dy,66,152,,2.38,h,8568.0,2.38 h,2,EC,0.999,Tb-152,α,0.001,Gd-148,,,,,,
Dy-153,Dy,66,153,,6.4,h,23040.0,6.4 h,2,β+ & EC,1.0,Tb-153,α,9.4e-05,Gd-149,,,,,,
Dy-154,Dy,66,154,,3.0E+6,y,94670778240000.0,3.0 My,1,α,1.0,Gd-150,,,,,,,,,
Dy-155,Dy,66,155,,9.9,h,35640.0,9.9 h,1,β+ & EC,1.0,Tb-155,,,,,,,,,
Dy-157,Dy,66,157,,8.14,h,29304.000000000004,8.14 h,1,EC,1.0,Tb-157,,,,,,,,,
Dy-159,Dy,66,159,,144.4,d,12476160.0,144.4 d,1,EC,1.0,Tb-159,,,,,,,,,
Dy-165,Dy,66,165,,2.334,h,8402.4,2.334 h,1,β-,1.0,Ho-165,,,,,,,,,
Dy-165m,Dy,66,165,m,1.257,m,75.41999999999999,1.257 m,2,IT,0.9776,Dy-165,β-,0.0224,Ho-165,,,,,,
Dy-166,Dy,66,166,,81.6,h,293760.0,81.6 h,1,β-,1.0,Ho-166,,,,,,,,,
Dy-167,Dy,66,167,,6.20,m,372.0,6.20 m,1,β-,1.0,Ho-167,,,,,,,,,
Dy-168,Dy,66,168,,8.7,m,522.0,8.7 m,1,β-,1.0,Ho-168,,,,,,,,,
Er-154,Er,68,154,,3.73,m,223.8,3.73 m,2,β+ & EC,0.9953,Ho-154,α,0.0047,Dy-150,,,,,,
Er-156,Er,68,156,,19.5,m,1170.0,19.5 m,1,EC,1.0,Ho-156,,,,,,,,,
Er-159,Er,68,159,,36,m,2160.0,36 m,1,β+ & EC,1.0,Ho-159,,,,,,,,,
Er-161,Er,68,161,,3.21,h,11556.0,3.21 h,1,β+ & EC,1.0,Ho-161,,,,,,,,,
Er-163,Er,68,163,,75.0,m,4500.0,75.0 m,1,β+ & EC,1.0,Ho-163,,,,,,,,,
Er-165,Er,68,165,,10.36,h,37296.0,10.36 h,1,EC,1.0,Ho-165,,,,,,,,,
Er-167m,Er,68,167,m,2.269,s,2.269,2.269 s,1,IT,1.0,Er-167,,,,,,,,,
Er-169,Er,68,169,,9.40,d,812160.0,9.40 d,1,β-,1.0,Tm-169,,,,,,,,,
Er-171,Er,68,171,,7.516,h,27057.6,7.516 h,1,β-,1.0,Tm-171,,,,,,,,,
Er-172,Er,68,172,,49.3,h,177480.0,49.3 h,1,β-,1.0,Tm-172,,,,,,,,,
Er-173,Er,68,173,,1.434,m,86.03999999999999,1.434 m,1,β-,1.0,Tm-173,,,,,,,,,
Es-249,Es,99,249,,102.2,m,6132.0,102.2 m,2,β+ & EC,0.9943,Cf-249,α,0.0057,Bk-245,,,,,,
Es-250,Es,99,250,,8.6,h,30960.0,8.6 h,1,EC,0.985,Cf-250,,,,,,,,,
Es-250m,Es,99,250,m,2.22,h,7992.000000000001,2.22 h,1,β+ & EC,1.0,Cf-250,,,,,,,,,
Es-251,Es,99,251,,33,h,118800.0,33 h,2,EC,0.995,Cf-251,α,0.005,Bk-247,,,,,,
Es-253,Es,99,253,,20.47,d,1768608.0,20.47 d,2,α,1.0,Bk-249,SF,8.9e-08,SF,,,,,,
Es-254,Es,99,254,,275.7,d,23820480.0,275.7 d,3,α,1.0,Bk-250,β-,1.74e-06,Fm-254,SF,3e-08,SF,,,
Es-254m,Es,99,254,m,39.3,h,141480.0,39.3 h,4,β-,0.98,Fm-254,α,0.0032,Bk-250,EC,0.00076,Cf-254,SF,0.00045,SF
Es-255,Es,99,255,,39.8,d,3438719.9999999995,39.8 d,3,β-,0.92,Fm-255,α,0.08,Bk-251,SF,4.5e-05,SF,,,
Es-256,Es,99,256,,25.4,m,1524.0,25.4 m,1,β-,1.0,Fm-256,,,,,,,,,
Eu-142,Eu,63,142,,2.34,s,2.34,2.34 s,1,β+ & EC,1.0,Sm-142,,,,,,,,,
Eu-142m,Eu,63,142,m,1.223,m,73.38000000000001,1.223 m,1,β+ & EC,1.0,Sm-142,,,,,,,,,
Eu-143,Eu,63,143,,2.59,m,155.39999999999998,2.59 m,2,β+ & EC,0.99879,Sm-143,β+ & EC,0.0012069,Sm-143m,,,,,,
Eu-144,Eu,63,144,,10.2,s,10.2,10.2 s,1,β+ & EC,1.0,Sm-144,,,,,,,,,
Eu-145,Eu,63,145,,5.93,d,512352.0,5.93 d,1,β+ & EC,1.0,Sm-145,,,,,,,,,
Eu-146,Eu,63,146,,4.61,d,398304.0,4.61 d,1,β+ & EC,1.0,Sm-146,,,,,,,,,
Eu-147,Eu,63,147,,24.1,d,2082240.0000000002,24.1 d,2,β+ & EC,0.99998,Sm-147,α,2.2e-05,Pm-143,,,,,,
Eu-148,Eu,63,148,,54.5,d,4708800.0,54.5 d,2,β+ & EC,1.0,Sm-148,α,9.4e-09,Pm-144,,,,,,
Eu-149,Eu,63,149,,93.1,d,8043839.999999999,93.1 d,1,EC,1.0,Sm-149,,,,,,,,,
Eu-150,Eu,63,150,,36.9,y,1164450572.352,36.9 y,1,β+ & EC,1.0,Sm-150,,,,,,,,,
Eu-150m,Eu,63,150,m,12.8,h,46080.0,12.8 h,2,β-,0.89,Gd-150,β+ & EC,0.11,Sm-150,,,,,,
Eu-152,Eu,63,152,,13.537,y,427186108.34496003,13.537 y,2,β-,0.279,Gd-152,β+ & EC,0.721,Sm-152,,,,,,
Eu-152m,Eu,63,152,m,9.3116,h,33521.76,9.3116 h,2,β-,0.72,Gd-152,β+ & EC,0.28,Sm-152,,,,,,
Eu-152n,Eu,63,152,n,96,m,5760.0,96 m,1,IT,1.0,Eu-152,,,,,,,,,
Eu-154,Eu,63,154,,8.593,y,271168665.80544,8.593 y,2,β-,0.9998,Gd-154,EC,0.0002,Sm-154,,,,,,
Eu-154m,Eu,63,154,m,46.0,m,2760.0,46.0 m,1,IT,1.0,Eu-154,,,,,,,,,
Eu-155,Eu,63,155,,4.7611,y,150245680.75948802,4.7611 y,1,β-,1.0,Gd-155,,,,,,,,,
Eu-156,Eu,63,156,,15.19,d,1312416.0,15.19 d,1,β-,1.0,Gd-156,,,,,,,,,
Eu-157,Eu,63,157,,15.18,h,54648.0,15.18 h,1,β-,1.0,Gd-157,,,,,,,,,
Eu-158,Eu,63,158,,45.9,m,2754.0,45.9 m,1,β-,1.0,Gd-158,,,,,,,,,
Eu-159,Eu,63,159,,18.1,m,1086.0,18.1 m,1,β-,1.0,Gd-159,,,,,,,,,
F-17,F,9,17,,64.49,s,64.49,64.49 s,1,β+ & EC,1.0,O-17,,,,,,,,,
F-18,F,9,18,,109.77,m,6586.2,109.77 m,1,β+ & EC,1.0,O-18,,,,,,,,,
Fe-52,Fe,26,52,,8.275,h,29790.0,8.275 h,1,β+ & EC,1.0,Mn-52m,,,,,,,,,
Fe-53,Fe,26,53,,8.51,m,510.59999999999997,8.51 m,1,β+ & EC,1.0,Mn-53,,,,,,,,,
Fe-53m,Fe,26,53,m,2.526,m,151.56,2.526 m,1,IT,1.0,Fe-53,,,,,,,,,
Fe-55,Fe,26,55,,2.737,y,86371306.68096001,2.737 y,1,EC,1.0,Mn-55,,,,,,,,,
Fe-59,Fe,26,59,,44.495,d,3844368.0,44.495 d,1,β-,1.0,Co-59,,,,,,,,,
Fe-60,Fe,26,60,,1.5E+6,y,47335389120000.0,1.5 My,1,β-,1.0,Co-60m,,,,,,,,,
Fe-61,Fe,26,61,,5.98,m,358.8,5.98 m,1,β-,1.0,Co-61,,,,,,,,,
Fe-62,Fe,26,62,,68,s,68.0,68 s,1,β-,1.0,Co-62,,,,,,,,,
Fm-251,Fm,100,251,,5.30,h,19080.0,5.30 h,2,β+ & EC,0.982,Es-251,α,0.018,Cf-247,,,,,,
Fm-252,Fm,100,252,,25.39,h,91404.0,25.39 h,2,α,0.99998,Cf-248,SF,2.3e-05,SF,,,,,,
Fm-253,Fm,100,253,,3.00,d,259200.0,3.00 d,2,EC,0.88,Es-253,α,0.12,Cf-249,,,,,,
Fm-254,Fm,100,254,,3.240,h,11664.0,3.240 h,2,α,0.99941,Cf-250,SF,0.000592,SF,,,,,,
Fm-255,Fm,100,255,,20.07,h,72252.0,20.07 h,2,α,1.0,Cf-251,SF,2.3e-07,SF,,,,,,
Fm-256,Fm,100,256,,157.6,m,9456.0,157.6 m,2,α,0.081,Cf-252,SF,0.919,SF,,,,,,
Fm-257,Fm,100,257,,100.5,d,8683200.0,100.5 d,2,α,0.9979,Cf-253,SF,0.0021,SF,,,,,,
Fr-212,Fr,87,212,,20.0,m,1200.0,20.0 m,2,β+ & EC,0.57,Rn-212,α,0.43,At-208,,,,,,
Fr-219,Fr,87,219,,2.0E-2,s,0.02,20 ms,1,α,1.0,At-215,,,,,,,,,
Fr-220,Fr,87,220,,27.4,s,27.4,27.4 s,2,α,0.9965,At-216,β-,0.0035,Ra-220,,,,,,
Fr-221,Fr,87,221,,4.9,m,294.0,4.9 m,1,α,1.0,At-217,,,,,,,,,
Fr-222,Fr,87,222,,14.2,m,852.0,14.2 m,1,β-,1.0,Ra-222,,,,,,,,,
Fr-223,Fr,87,223,,22.00,m,1320.0,22.00 m,2,β-,1.0,Ra-223,α,6e-05,At-219,,,,,,
Fr-224,Fr,87,224,,3.33,m,199.8,3.33 m,1,β-,1.0,Ra-224,,,,,,,,,
Fr-227,Fr,87,227,,2.47,m,148.20000000000002,2.47 m,1,β-,1.0,Ra-227,,,,,,,,,
Ga-64,Ga,31,64,,2.627,m,157.61999999999998,2.627 m,1,β+ & EC,1.0,Zn-64,,,,,,,,,
Ga-65,Ga,31,65,,15.2,m,912.0,15.2 m,1,β+ & EC,1.0,Zn-65,,,,,,,,,
Ga-66,Ga,31,66,,9.49,h,34164.0,9.49 h,1,β+ & EC,1.0,Zn-66,,,,,,,,,
Ga-67,Ga,31,67,,3.2612,d,281767.68,3.2612 d,1,EC,1.0,Zn-67,,,,,,,,,
Ga-68,Ga,31,68,,67.71,m,4062.5999999999995,67.71 m,1,β+ & EC,1.0,Zn-68,,,,,,,,,
Ga-70,Ga,31,70,,21.14,m,1268.4,21.14 m,2,β-,0.9959,Ge-70,EC,0.0041,Zn-70,,,,,,
Ga-72,Ga,31,72,,14.10,h,50760.0,14.10 h,1,β-,1.0,Ge-72,,,,,,,,,
Ga-73,Ga,31,73,,4.86,h,17496.0,4.86 h,1,β-,1.0,Ge-73,,,,,,,,,
Ga-74,Ga,31,74,,8.12,m,487.19999999999993,8.12 m,1,β-,1.0,Ge-74,,,,,,,,,
Gd-142,Gd,64,142,,70.2,s,70.2,70.2 s,1,β+ & EC,1.0,Eu-142,,,,,,,,,
Gd-143m,Gd,64,143,m,110.0,s,110.0,110.0 s,1,β+ & EC,1.0,Eu-143,,,,,,,,,
Gd-144,Gd,64,144,,4.47,m,268.2,4.47 m,1,β+ & EC,1.0,Eu-144,,,,,,,,,
Gd-145,Gd,64,145,,23.0,m,1380.0,23.0 m,1,β+ & EC,1.0,Eu-145,,,,,,,,,
Gd-145m,Gd,64,145,m,85,s,85.0,85 s,2,IT,0.943,Gd-145,β+ & EC,0.057,Eu-145,,,,,,
Gd-146,Gd,64,146,,48.27,d,4170528.0000000005,48.27 d,1,EC,1.0,Eu-146,,,,,,,,,
Gd-147,Gd,64,147,,38.1,h,137160.0,38.1 h,1,β+ & EC,1.0,Eu-147,,,,,,,,,
Gd-148,Gd,64,148,,74.6,y,2354146685.568,74.6 y,1,α,1.0,Sm-144,,,,,,,,,
Gd-149,Gd,64,149,,9.28,d,801792.0,9.28 d,1,β+ & EC,1.0,Eu-149,,,,,,,,,
Gd-150,Gd,64,150,,1.79E+6,y,56486897683200.0,1.79 My,1,α,1.0,Sm-146,,,,,,,,,
Gd-151,Gd,64,151,,124,d,10713600.0,124 d,2,α,1e-08,Sm-147,EC,1.0,Eu-151,,,,,,
Gd-152,Gd,64,152,,1.08E+14,y,3.40814801664e+21,0.108 Py,1,α,1.0,Sm-148,,,,,,,,,
Gd-153,Gd,64,153,,240.4,d,20770560.0,240.4 d,1,EC,1.0,Eu-153,,,,,,,,,
Gd-159,Gd,64,159,,18.479,h,66524.4,18.479 h,1,β-,1.0,Tb-159,,,,,,,,,
Gd-162,Gd,64,162,,8.4,m,504.0,8.4 m,1,β-,1.0,Tb-162,,,,,,,,,
Ge-66,Ge,32,66,,2.26,h,8135.999999999999,2.26 h,1,β+ & EC,1.0,Ga-66,,,,,,,,,
Ge-67,Ge,32,67,,18.9,m,1134.0,18.9 m,1,β+ & EC,1.0,Ga-67,,,,,,,,,
Ge-68,Ge,32,68,,270.95,d,23410080.0,270.95 d,1,EC,1.0,Ga-68,,,,,,,,,
Ge-69,Ge,32,69,,39.05,h,140580.0,39.05 h,1,β+ & EC,1.0,Ga-69,,,,,,,,,
Ge-71,Ge,32,71,,11.43,d,987552.0,11.43 d,1,EC,1.0,Ga-71,,,,,,,,,
Ge-75,Ge,32,75,,82.78,m,4966.8,82.78 m,1,β-,1.0,As-75,,,,,,,,,
Ge-77,Ge,32,77,,11.30,h,40680.0,11.30 h,1,β-,1.0,As-77,,,,,,,,,
Ge-78,Ge,32,78,,88,m,5280.0,88 m,1,β-,1.0,As-78,,,,,,,,,
H-3,H,1,3,,12.32,y,388781329.30560005,12.32 y,1,β-,1.0,He-3,,,,,,,,,
Hf-167,Hf,72,167,,2.05,m,122.99999999999999,2.05 m,1,β+ & EC,1.0,Lu-167,,,,,,,,,
Hf-169,Hf,72,169,,3.24,m,194.4,3.24 m,2,β+ & EC,0.96904,Lu-169,β+ & EC,0.03096,Lu-169m,,,,,,
Hf-170,Hf,72,170,,16.01,h,57636.00000000001,16.01 h,1,EC,1.0,Lu-170,,,,,,,,,
Hf-172,Hf,72,172,,1.87,y,59011451.769600004,1.87 y,1,EC,1.0,Lu-172m,,,,,,,,,
Hf-173,Hf,72,173,,23.6,h,84960.0,23.6 h,1,β+ & EC,1.0,Lu-173,,,,,,,,,
Hf-174,Hf,72,174,,2.0E+15,y,6.311385216e+22,2.0 Py,1,α,1.0,Yb-170,,,,,,,,,
Hf-175,Hf,72,175,,70,d,6048000.0,70 d,1,EC,1.0,Lu-175,,,,,,,,,
Hf-177m,Hf,72,177,m,51.4,m,3084.0,51.4 m,1,IT,1.0,Hf-177,,,,,,,,,
Hf-178m,Hf,72,178,m,31,y,978264708.48,31 y,1,IT,1.0,Hf-178,,,,,,,,,
Hf-179m,Hf,72,179,m,25.05,d,2164320.0,25.05 d,1,IT,1.0,Hf-179,,,,,,,,,
Hf-180m,Hf,72,180,m,5.5,h,19800.0,5.5 h,2,IT,0.997,Hf-180,β-,0.003,Ta-180m,,,,,,
Hf-181,Hf,72,181,,42.39,d,3662496.0,42.39 d,1,β-,1.0,Ta-181,,,,,,,,,
Hf-182,Hf,72,182,,9E+6,y,284012334720000.0,9 My,1,β-,1.0,Ta-182,,,,,,,,,
Hf-182m,Hf,72,182,m,61.5,m,3690.0,61.5 m,3,β-,0.4907,Ta-182,IT,0.42,Hf-182,β-,0.08928,Ta-182m,,,
Hf-183,Hf,72,183,,1.067,h,3841.2,1.067 h,1,β-,1.0,Ta-183,,,,,,,,,
Hf-184,Hf,72,184,,4.12,h,14832.0,4.12 h,1,β-,1.0,Ta-184,,,,,,,,,
Hg-190,Hg,80,190,,20.0,m,1200.0,20.0 m,1,β+ & EC,1.0,Au-190,,,,,,,,,
Hg-191m,Hg,80,191,m,50.8,m,3048.0,50.8 m,1,β+ & EC,1.0,Au-191,,,,,,,,,
Hg-192,Hg,80,192,,4.85,h,17460.0,4.85 h,1,EC,1.0,Au-192,,,,,,,,,
Hg-193,Hg,80,193,,3.80,h,13680.0,3.80 h,2,β+ & EC,0.96459,Au-193,β+ & EC,0.035408,Au-193m,,,,,,
Hg-193m,Hg,80,193,m,11.8,h,42480.0,11.8 h,3,β+ & EC,0.89197,Au-193m,IT,0.071,Hg-193,β+ & EC,0.037027,Au-193,,,
Hg-194,Hg,80,194,,440,y,13885047475.2,440 y,1,EC,1.0,Au-194,,,,,,,,,
Hg-195,Hg,80,195,,10.53,h,37908.0,10.53 h,1,β+ & EC,1.0,Au-195,,,,,,,,,
Hg-195m,Hg,80,195,m,41.6,h,149760.0,41.6 h,2,IT,0.542,Hg-195,β+ & EC,0.458,Au-195,,,,,,
Hg-197,Hg,80,197,,64.94,h,233784.0,64.94 h,1,EC,1.0,Au-197,,,,,,,,,
Hg-197m,Hg,80,197,m,23.8,h,85680.0,23.8 h,2,IT,0.914,Hg-197,EC,0.086,Au-197,,,,,,
Hg-199m,Hg,80,199,m,42.66,m,2559.6,42.66 m,1,IT,1.0,Hg-199,,,,,,,,,
Hg-203,Hg,80,203,,46.612,d,4027276.8000000003,46.612 d,1,β-,1.0,Tl-203,,,,,,,,,
Hg-205,Hg,80,205,,5.2,m,312.0,5.2 m,1,β-,1.0,Tl-205,,,,,,,,,
Hg-206,Hg,80,206,,8.15,m,489.0,8.15 m,1,β-,1.0,Tl-206,,,,,,,,,
Hg-207,Hg,80,207,,2.9,m,174.0,2.9 m,1,β-,1.0,Tl-207,,,,,,,,,
Ho-150,Ho,67,150,,76.8,s,76.8,76.8 s,1,β+ & EC,1.0,Dy-150,,,,,,,,,
Ho-153,Ho,67,153,,2.01,m,120.6,2.01 m,2,β+ & EC,0.99949,Dy-153,α,0.00051,Tb-149m,,,,,,
Ho-153m,Ho,67,153,m,9.3,m,558.0,9.3 m,2,β+ & EC,0.9982,Dy-153,α,0.0018,Tb-149,,,,,,
Ho-154,Ho,67,154,,11.76,m,705.6,11.76 m,2,β+ & EC,0.99981,Dy-154,α,0.00019,Tb-150,,,,,,
Ho-154m,Ho,67,154,m,3.10,m,186.0,3.10 m,2,β+ & EC,1.0,Dy-154,α,1e-05,Tb-150m,,,,,,
Ho-155,Ho,67,155,,48,m,2880.0,48 m,1,β+ & EC,1.0,Dy-155,,,,,,,,,
Ho-156,Ho,67,156,,56,m,3360.0,56 m,1,β+ & EC,1.0,Dy-156,,,,,,,,,
Ho-157,Ho,67,157,,12.6,m,756.0,12.6 m,1,β+ & EC,1.0,Dy-157,,,,,,,,,
Ho-159,Ho,67,159,,33.05,m,1982.9999999999998,33.05 m,1,β+ & EC,1.0,Dy-159,,,,,,,,,
Ho-160,Ho,67,160,,25.6,m,1536.0,25.6 m,1,β+ & EC,1.0,Dy-160,,,,,,,,,
Ho-161,Ho,67,161,,2.48,h,8928.0,2.48 h,1,EC,1.0,Dy-161,,,,,,,,,
Ho-162,Ho,67,162,,15.0,m,900.0,15.0 m,1,β+ & EC,1.0,Dy-162,,,,,,,,,
Ho-162m,Ho,67,162,m,67.0,m,4020.0,67.0 m,2,IT,0.62,Ho-162,β+ & EC,0.38,Dy-162,,,,,,
Ho-163,Ho,67,163,,4570,y,144215152185.6,4570 y,1,EC,1.0,Dy-163,,,,,,,,,
Ho-164,Ho,67,164,,29,m,1740.0,29 m,2,EC,0.6,Dy-164,β-,0.4,Er-164,,,,,,
Ho-164m,Ho,67,164,m,38.0,m,2280.0,38.0 m,1,IT,1.0,Ho-164,,,,,,,,,
Ho-166,Ho,67,166,,26.80,h,96480.0,26.80 h,1,β-,1.0,Er-166,,,,,,,,,
Ho-166m,Ho,67,166,m,1.20E+3,y,37868311296.0,1.20 ky,1,β-,1.0,Er-166,,,,,,,,,
Ho-167,Ho,67,167,,3.1,h,11160.0,3.1 h,1,β-,1.0,Er-167,,,,,,,,,
Ho-168,Ho,67,168,,2.99,m,179.4,2.99 m,1,β-,1.0,Er-168,,,,,,,,,
Ho-168m,Ho,67,168,m,132,s,132.0,132 s,1,IT,1.0,Ho-168,,,,,,,,,
Ho-170,Ho,67,170,,2.76,m,165.6,2.76 m,1,β-,1.0,Er-170,,,,,,,,,
I-118,I,53,118,,13.7,m,822.0,13.7 m,1,β+ & EC,1.0,Te-118,,,,,,,,,
I-118m,I,53,118,m,8.5,m,510.0,8.5 m,1,β+ & EC,1.0,Te-118,,,,,,,,,
I-119,I,53,119,,19.1,m,1146.0,19.1 m,2,β+ & EC,0.99046,Te-119,β+ & EC,0.0095421,Te-119m,,,,,,
I-120,I,53,120,,81.6,m,4896.0,81.6 m,1,β+ & EC,1.0,Te-120,,,,,,,,,
I-120m,I,53,120,m,53,m,3180.0,53 m,1,β+ & EC,1.0,Te-120,,,,,,,,,
I-121,I,53,121,,2.12,h,7632.0,2.12 h,2,β+ & EC,0.99714,Te-121,β+ & EC,0.0028631,Te-121m,,,,,,
I-122,I,53,122,,3.63,m,217.79999999999998,3.63 m,1,β+ & EC,1.0,Te-122,,,,,,,,,
I-123,I,53,123,,13.27,h,47772.0,13.27 h,2,EC,0.99996,Te-123,EC,4.442e-05,Te-123m,,,,,,
I-124,I,53,124,,4.1760,d,360806.4,4.1760 d,1,β+ & EC,1.0,Te-124,,,,,,,,,
I-125,I,53,125,,59.400,d,5132160.0,59.400 d,1,EC,1.0,Te-125,,,,,,,,,
I-126,I,53,126,,12.93,d,1117152.0,12.93 d,2,β+ & EC,0.527,Te-126,β-,0.473,Xe-126,,,,,,
I-128,I,53,128,,24.99,m,1499.3999999999999,24.99 m,2,β-,0.931,Xe-128,β+ & EC,0.069,Te-128,,,,,,
I-129,I,53,129,,1.57E+7,y,495443739456000.0,15.7 My,1,β-,1.0,Xe-129,,,,,,,,,
I-130,I,53,130,,12.36,h,44496.0,12.36 h,1,β-,1.0,Xe-130,,,,,,,,,
I-130m,I,53,130,m,8.84,m,530.4,8.84 m,2,IT,0.84,I-130,β-,0.16,Xe-130,,,,,,
I-131,I,53,131,,8.02070,d,692988.48,8.02070 d,2,β-,0.011759,Xe-131m,β-,0.98824,Xe-131,,,,,,
I-132,I,53,132,,2.295,h,8262.0,2.295 h,1,β-,1.0,Xe-132,,,,,,,,,
I-132m,I,53,132,m,1.387,h,4993.2,1.387 h,2,IT,0.86,I-132,β-,0.14,Xe-132,,,,,,
I-133,I,53,133,,20.8,h,74880.0,20.8 h,2,β-,0.97115,Xe-133,β-,0.028846,Xe-133m,,,,,,
I-134,I,53,134,,52.5,m,3150.0,52.5 m,1,β-,1.0,Xe-134,,,,,,,,,
I-134m,I,53,134,m,3.60,m,216.0,3.60 m,2,IT,0.977,I-134,β-,0.023,Xe-134,,,,,,
I-135,I,53,135,,6.57,h,23652.0,6.57 h,2,β-,0.83432,Xe-135,β-,0.16568,Xe-135m,,,,,,
In-103,In,49,103,,60,s,60.0,60 s,1,β+ & EC,1.0,Cd-103,,,,,,,,,
In-105,In,49,105,,5.07,m,304.20000000000005,5.07 m,1,β+ & EC,1.0,Cd-105,,,,,,,,,
In-106,In,49,106,,6.2,m,372.0,6.2 m,1,β+ & EC,1.0,Cd-106,,,,,,,,,
In-106m,In,49,106,m,5.2,m,312.0,5.2 m,1,β+ & EC,1.0,Cd-106,,,,,,,,,
In-107,In,49,107,,32.4,m,1944.0,32.4 m,1,β+ & EC,1.0,Cd-107,,,,,,,,,
In-108,In,49,108,,58.0,m,3480.0,58.0 m,1,β+ & EC,1.0,Cd-108,,,,,,,,,
In-108m,In,49,108,m,39.6,m,2376.0,39.6 m,1,β+ & EC,1.0,Cd-108,,,,,,,,,
In-109,In,49,109,,4.2,h,15120.0,4.2 h,1,β+ & EC,1.0,Cd-109,,,,,,,,,
In-109m,In,49,109,m,1.34,m,80.4,1.34 m,1,IT,1.0,In-109,,,,,,,,,
In-110,In,49,110,,4.9,h,17640.0,4.9 h,1,β+ & EC,1.0,Cd-110,,,,,,,,,
In-110m,In,49,110,m,69.1,m,4146.0,69.1 m,1,β+ & EC,1.0,Cd-110,,,,,,,,,
In-111,In,49,111,,2.8047,d,242326.08,2.8047 d,2,EC,4.9998e-05,Cd-111m,EC,0.99995,Cd-111,,,,,,
In-111m,In,49,111,m,7.7,m,462.0,7.7 m,1,IT,1.0,In-111,,,,,,,,,
In-112,In,49,112,,14.97,m,898.2,14.97 m,2,β+ & EC,0.56,Cd-112,β-,0.44,Sn-112,,,,,,
In-112m,In,49,112,m,20.56,m,1233.6,20.56 m,1,IT,1.0,In-112,,,,,,,,,
In-113m,In,49,113,m,1.6579,h,5968.44,1.6579 h,1,IT,1.0,In-113,,,,,,,,,
In-114,In,49,114,,71.9,s,71.9,71.9 s,2,β-,0.995,Sn-114,β+ & EC,0.005,Cd-114,,,,,,
In-114m,In,49,114,m,49.51,d,4277664.0,49.51 d,2,IT,0.9675,In-114,EC,0.0325,Cd-114,,,,,,
In-115,In,49,115,,4.41E+14,y,1.391660440128e+22,0.441 Py,1,β-,1.0,Sn-115,,,,,,,,,
In-115m,In,49,115,m,4.486,h,16149.599999999999,4.486 h,2,IT,0.95,In-115,β-,0.05,Sn-115,,,,,,
In-116m,In,49,116,m,54.41,m,3264.6,54.41 m,1,β-,1.0,Sn-116,,,,,,,,,
In-117,In,49,117,,43.2,m,2592.0,43.2 m,2,β-,0.0035321,Sn-117m,β-,0.99647,Sn-117,,,,,,
In-117m,In,49,117,m,116.2,m,6972.0,116.2 m,2,IT,0.471,In-117,β-,0.529,Sn-117,,,,,,
In-118,In,49,118,,5.0,s,5.0,5.0 s,1,β-,1.0,Sn-118,,,,,,,,,
In-118m,In,49,118,m,4.364,m,261.84,4.364 m,1,β-,1.0,Sn-118,,,,,,,,,
In-119,In,49,119,,2.4,m,144.0,2.4 m,2,β-,0.0094773,Sn-119m,β-,0.99052,Sn-119,,,,,,
In-119m,In,49,119,m,18.0,m,1080.0,18.0 m,2,IT,0.056,In-119,β-,0.944,Sn-119,,,,,,
In-121,In,49,121,,23.1,s,23.1,23.1 s,2,β-,0.8865,Sn-121,β-,0.1135,Sn-121m,,,,,,
In-121m,In,49,121,m,3.88,m,232.79999999999998,3.88 m,2,β-,0.988,Sn-121,IT,0.012,In-121,,,,,,
Ir-180,Ir,77,180,,1.5,m,90.0,1.5 m,1,β+ & EC,1.0,Os-180,,,,,,,,,
Ir-182,Ir,77,182,,15,m,900.0,15 m,1,β+ & EC,1.0,Os-182,,,,,,,,,
Ir-183,Ir,77,183,,58,m,3480.0,58 m,2,β+ & EC,0.70972,Os-183m,β+ & EC,0.29028,Os-183,,,,,,
Ir-184,Ir,77,184,,3.09,h,11124.0,3.09 h,1,β+ & EC,1.0,Os-184,,,,,,,,,
Ir-185,Ir,77,185,,14.4,h,51840.0,14.4 h,1,β+ & EC,1.0,Os-185,,,,,,,,,
Ir-186,Ir,77,186,,16.64,h,59904.0,16.64 h,1,β+ & EC,1.0,Os-186,,,,,,,,,
Ir-186m,Ir,77,186,m,1.92,h,6912.0,1.92 h,2,β+ & EC,0.75,Os-186,IT,0.25,Ir-186,,,,,,
Ir-187,Ir,77,187,,10.5,h,37800.0,10.5 h,1,β+ & EC,1.0,Os-187,,,,,,,,,
Ir-188,Ir,77,188,,41.5,h,149400.0,41.5 h,1,β+ & EC,1.0,Os-188,,,,,,,,,
Ir-189,Ir,77,189,,13.2,d,1140480.0,13.2 d,2,EC,0.074264,Os-189m,EC,0.92574,Os-189,,,,,,
Ir-190,Ir,77,190,,11.78,d,1017792.0,11.78 d,1,EC,1.0,Os-190,,,,,,,,,
Ir-190m,Ir,77,190,m,1.120,h,4032.0000000000005,1.120 h,1,IT,1.0,Ir-190,,,,,,,,,
Ir-190n,Ir,77,190,n,3.087,h,11113.2,3.087 h,2,EC,0.914,Os-190m,IT,0.086,Ir-190,,,,,,
Ir-191m,Ir,77,191,m,4.94,s,4.94,4.94 s,1,IT,1.0,Ir-191,,,,,,,,,
Ir-192,Ir,77,192,,73.827,d,6378652.8,73.827 d,2,β-,0.9513,Pt-192,EC,0.0487,Os-192,,,,,,
Ir-192m,Ir,77,192,m,1.45,m,87.0,1.45 m,2,IT,0.99983,Ir-192,β-,0.000175,Pt-192,,,,,,
Ir-192n,Ir,77,192,n,241,y,7605219185.280001,241 y,1,IT,1.0,Ir-192,,,,,,,,,
Ir-193m,Ir,77,193,m,10.53,d,909792.0,10.53 d,1,IT,1.0,Ir-193,,,,,,,,,
Ir-194,Ir,77,194,,19.28,h,69408.0,19.28 h,1,β-,1.0,Pt-194,,,,,,,,,
Ir-194m,Ir,77,194,m,171,d,14774400.0,171 d,1,β-,1.0,Pt-194,,,,,,,,,
Ir-195,Ir,77,195,,2.5,h,9000.0,2.5 h,1,β-,1.0,Pt-195,,,,,,,,,
Ir-195m,Ir,77,195,m,3.8,h,13680.0,3.8 h,3,β-,0.43692,Pt-195m,IT,0.05,Ir-195,β-,0.51308,Pt-195,,,
Ir-196,Ir,77,196,,52,s,52.0,52 s,1,β-,1.0,Pt-196,,,,,,,,,
Ir-196m,Ir,77,196,m,1.40,h,5040.0,1.40 h,1,β-,1.0,Pt-196,,,,,,,,,
K-38,K,19,38,,7.636,m,458.16,7.636 m,1,β+ & EC,1.0,Ar-38,,,,,,,,,
K-40,K,19,40,,1.251E+9,y,3.947771452608e+16,1.251 By,2,β-,0.8914,Ca-40,β+ & EC,0.1086,Ar-40,,,,,,
K-42,K,19,42,,12.360,h,44496.0,12.360 h,1,β-,1.0,Ca-42,,,,,,,,,
K-43,K,19,43,,22.3,h,80280.0,22.3 h,1,β-,1.0,Ca-43,,,,,,,,,
K-44,K,19,44,,22.13,m,1327.8,22.13 m,1,β-,1.0,Ca-44,,,,,,,,,
K-45,K,19,45,,17.3,m,1038.0,17.3 m,1,β-,1.0,Ca-45,,,,,,,,,
K-46,K,19,46,,105,s,105.0,105 s,1,β-,1.0,Ca-46,,,,,,,,,
Kr-74,Kr,36,74,,11.50,m,690.0,11.50 m,1,β+ & EC,1.0,Br-74,,,,,,,,,
Kr-75,Kr,36,75,,4.29,m,257.4,4.29 m,1,β+ & EC,1.0,Br-75,,,,,,,,,
Kr-76,Kr,36,76,,14.8,h,53280.0,14.8 h,2,EC,0.99189,Br-76,EC,0.0081144,Br-76m,,,,,,
Kr-77,Kr,36,77,,74.4,m,4464.0,74.4 m,2,β+ & EC,0.90386,Br-77,β+ & EC,0.096135,Br-77m,,,,,,
Kr-79,Kr,36,79,,35.04,h,126144.0,35.04 h,1,β+ & EC,1.0,Br-79,,,,,,,,,
Kr-81,Kr,36,81,,2.29E+5,y,7226536072320.0,0.229 My,1,EC,1.0,Br-81,,,,,,,,,
Kr-81m,Kr,36,81,m,13.10,s,13.1,13.10 s,2,IT,0.99998,Kr-81,EC,2.5e-05,Br-81,,,,,,
Kr-83m,Kr,36,83,m,1.83,h,6588.0,1.83 h,1,IT,1.0,Kr-83,,,,,,,,,
Kr-85,Kr,36,85,,10.756,y,339426296.91648,10.756 y,1,β-,1.0,Rb-85,,,,,,,,,
Kr-85m,Kr,36,85,m,4.480,h,16128.000000000002,4.480 h,2,IT,0.214,Kr-85,β-,0.786,Rb-85,,,,,,
Kr-87,Kr,36,87,,76.3,m,4578.0,76.3 m,1,β-,1.0,Rb-87,,,,,,,,,
Kr-88,Kr,36,88,,2.84,h,10224.0,2.84 h,1,β-,1.0,Rb-88,,,,,,,,,
Kr-89,Kr,36,89,,3.15,m,189.0,3.15 m,1,β-,1.0,Rb-89,,,,,,,,,
La-128,La,57,128,,5.18,m,310.79999999999995,5.18 m,1,β+ & EC,1.0,Ba-128,,,,,,,,,
La-129,La,57,129,,11.6,m,696.0,11.6 m,2,β+ & EC,0.92384,Ba-129,β+ & EC,0.076164,Ba-129m,,,,,,
La-130,La,57,130,,8.7,m,522.0,8.7 m,1,β+ & EC,1.0,Ba-130,,,,,,,,,
La-131,La,57,131,,59,m,3540.0,59 m,1,β+ & EC,1.0,Ba-131,,,,,,,,,
La-132,La,57,132,,4.8,h,17280.0,4.8 h,1,β+ & EC,1.0,Ba-132,,,,,,,,,
La-132m,La,57,132,m,24.3,m,1458.0,24.3 m,2,IT,0.76,La-132,β+ & EC,0.24,Ba-132,,,,,,
La-133,La,57,133,,3.912,h,14083.199999999999,3.912 h,1,β+ & EC,1.0,Ba-133,,,,,,,,,
La-134,La,57,134,,6.45,m,387.0,6.45 m,1,β+ & EC,1.0,Ba-134,,,,,,,,,
La-135,La,57,135,,19.5,h,70200.0,19.5 h,1,β+ & EC,1.0,Ba-135,,,,,,,,,
La-136,La,57,136,,9.87,m,592.1999999999999,9.87 m,1,β+ & EC,1.0,Ba-136,,,,,,,,,
La-137,La,57,137,,6.0E+4,y,1893415564800.0,60 ky,1,EC,1.0,Ba-137,,,,,,,,,
La-138,La,57,138,,1.02E+11,y,3.21880646016e+18,0.102 Ty,2,EC,0.664,Ba-138,β-,0.336,Ce-138,,,,,,
La-140,La,57,140,,1.6781,d,144987.84,1.6781 d,1,β-,1.0,Ce-140,,,,,,,,,
La-141,La,57,141,,3.92,h,14112.0,3.92 h,1,β-,1.0,Ce-141,,,,,,,,,
La-142,La,57,142,,91.1,m,5466.0,91.1 m,1,β-,1.0,Ce-142,,,,,,,,,
La-143,La,57,143,,14.2,m,852.0,14.2 m,1,β-,1.0,Ce-143,,,,,,,,,
Lu-165,Lu,71,165,,10.74,m,644.4,10.74 m,1,β+ & EC,1.0,Yb-165,,,,,,,,,
Lu-167,Lu,71,167,,51.5,m,3090.0,51.5 m,1,β+ & EC,1.0,Yb-167,,,,,,,,,
Lu-169,Lu,71,169,,34.06,h,122616.00000000001,34.06 h,1,β+ & EC,1.0,Yb-169,,,,,,,,,
Lu-169m,Lu,71,169,m,160,s,160.0,160 s,1,IT,1.0,Lu-169,,,,,,,,,
Lu-170,Lu,71,170,,2.012,d,173836.8,2.012 d,1,β+ & EC,1.0,Yb-170,,,,,,,,,
Lu-171,Lu,71,171,,8.24,d,711936.0,8.24 d,1,β+ & EC,1.0,Yb-171,,,,,,,,,
Lu-171m,Lu,71,171,m,79,s,79.0,79 s,1,IT,1.0,Lu-171,,,,,,,,,
Lu-172,Lu,71,172,,6.70,d,578880.0,6.70 d,1,β+ & EC,1.0,Yb-172,,,,,,,,,
Lu-172m,Lu,71,172,m,3.7,m,222.0,3.7 m,1,IT,1.0,Lu-172,,,,,,,,,
Lu-173,Lu,71,173,,1.37,y,43232988.729600005,1.37 y,1,EC,1.0,Yb-173,,,,,,,,,
Lu-174,Lu,71,174,,3.31,y,104453425.32480001,3.31 y,1,β+ & EC,1.0,Yb-174,,,,,,,,,
Lu-174m,Lu,71,174,m,142,d,12268800.0,142 d,2,IT,0.9938,Lu-174,EC,0.0062,Yb-174,,,,,,
Lu-176,Lu,71,176,,3.85E+10,y,1.21494165408e+18,38.5 By,1,β-,1.0,Hf-176,,,,,,,,,
Lu-176m,Lu,71,176,m,3.635,h,13086.0,3.635 h,2,β-,0.99905,Hf-176,EC,0.00095,Yb-176,,,,,,
Lu-177,Lu,71,177,,6.647,d,574300.8,6.647 d,1,β-,1.0,Hf-177,,,,,,,,,
Lu-177m,Lu,71,177,m,160.4,d,13858560.0,160.4 d,2,IT,0.217,Lu-177,β-,0.783,Hf-177,,,,,,
Lu-178,Lu,71,178,,28.4,m,1704.0,28.4 m,1,β-,1.0,Hf-178,,,,,,,,,
Lu-178m,Lu,71,178,m,23.1,m,1386.0,23.1 m,1,β-,1.0,Hf-178,,,,,,,,,
Lu-179,Lu,71,179,,4.59,h,16524.0,4.59 h,1,β-,1.0,Hf-179,,,,,,,,,
Lu-180,Lu,71,180,,5.7,m,342.0,5.7 m,1,β-,1.0,Hf-180,,,,,,,,,
Lu-181,Lu,71,181,,3.5,m,210.0,3.5 m,1,β-,1.0,Hf-181,,,,,,,,,
Mg-27,Mg,12,27,,9.458,m,567.48,9.458 m,1,β-,1.0,Al-27,,,,,,,,,
Mg-28,Mg,12,28,,20.915,h,75294.0,20.915 h,1,β-,1.0,Al-28,,,,,,,,,
Mn-50m,Mn,25,50,m,1.75,m,105.0,1.75 m,1,β+ & EC,1.0,Cr-50,,,,,,,,,
Mn-51,Mn,25,51,,46.2,m,2772.0,46.2 m,1,β+ & EC,1.0,Cr-51,,,,,,,,,
Mn-52,Mn,25,52,,5.591,d,483062.4,5.591 d,1,β+ & EC,1.0,Cr-52,,,,,,,,,
Mn-52m,Mn,25,52,m,21.1,m,1266.0,21.1 m,2,IT,0.0175,Mn-52,β+ & EC,0.9825,Cr-52,,,,,,
Mn-53,Mn,25,53,,3.7E+6,y,116760626496000.0,3.7 My,1,EC,1.0,Cr-53,,,,,,,,,
Mn-54,Mn,25,54,,312.12,d,26967168.0,312.12 d,2,β+ & EC,1.0,Cr-54,β-,2.9e-06,Fe-54,,,,,,
Mn-56,Mn,25,56,,2.5789,h,9284.039999999999,2.5789 h,1,β-,1.0,Fe-56,,,,,,,,,
Mn-57,Mn,25,57,,85.4,s,85.4,85.4 s,1,β-,1.0,Fe-57,,,,,,,,,
Mn-58m,Mn,25,58,m,65.2,s,65.2,65.2 s,1,β-,1.0,Fe-58,,,,,,,,,
Mo-101,Mo,42,101,,14.61,m,876.5999999999999,14.61 m,1,β-,1.0,Tc-101,,,,,,,,,
Mo-102,Mo,42,102,,11.3,m,678.0,11.3 m,1,β-,1.0,Tc-102,,,,,,,,,
Mo-89,Mo,42,89,,2.11,m,126.6,2.11 m,1,β+ & EC,1.0,Nb-89,,,,,,,,,
Mo-90,Mo,42,90,,5.56,h,20016.0,5.56 h,1,β+ & EC,1.0,Nb-90,,,,,,,,,
Mo-91,Mo,42,91,,15.49,m,929.4,15.49 m,2,β+ & EC,0.99966,Nb-91,β+ & EC,0.00034232,Nb-91m,,,,,,
Mo-91m,Mo,42,91,m,64.6,s,64.6,64.6 s,2,β+ & EC,0.5,Nb-91m,IT,0.5,Mo-91,,,,,,
Mo-93,Mo,42,93,,4.0E+3,y,126227704320.00002,4.0 ky,2,EC,0.88,Nb-93m,EC,0.12,Nb-93,,,,,,
Mo-93m,Mo,42,93,m,6.85,h,24660.0,6.85 h,2,IT,0.9988,Mo-93,EC,0.0012,Nb-93,,,,,,
Mo-99,Mo,42,99,,65.94,h,237384.0,65.94 h,2,β-,0.8773,Tc-99m,β-,0.1227,Tc-99,,,,,,
N-13,N,7,13,,9.965,m,597.9,9.965 m,1,β+ & EC,1.0,C-13,,,,,,,,,
N-16,N,7,16,,7.13,s,7.13,7.13 s,1,β-,1.0,O-16,,,,,,,,,
Na-22,Na,11,22,,2.6019,y,82107965.967552,2.6019 y,1,β+ & EC,1.0,Ne-22,,,,,,,,,
Na-24,Na,11,24,,14.9590,h,53852.4,14.9590 h,1,β-,1.0,Mg-24,,,,,,,,,
Nb-87,Nb,41,87,,3.75,m,225.0,3.75 m,1,β+ & EC,1.0,Zr-87,,,,,,,,,
Nb-88,Nb,41,88,,14.5,m,870.0,14.5 m,1,β+ & EC,1.0,Zr-88,,,,,,,,,
Nb-88m,Nb,41,88,m,7.78,m,466.8,7.78 m,1,β+ & EC,1.0,Zr-88,,,,,,,,,
Nb-89,Nb,41,89,,2.03,h,7307.999999999999,2.03 h,2,β+ & EC,0.98772,Zr-89,β+ & EC,0.012278,Zr-89m,,,,,,
Nb-89m,Nb,41,89,m,66,m,3960.0,66 m,1,β+ & EC,1.0,Zr-89m,,,,,,,,,
Nb-90,Nb,41,90,,14.60,h,52560.0,14.60 h,1,β+ & EC,1.0,Zr-90,,,,,,,,,
Nb-91,Nb,41,91,,680,y,21458709734.4,680 y,1,β+ & EC,1.0,Zr-91,,,,,,,,,
Nb-91m,Nb,41,91,m,60.86,d,5258304.0,60.86 d,2,IT,0.966,Nb-91,β+ & EC,0.034,Zr-91,,,,,,
Nb-92,Nb,41,92,,3.47E+7,y,1095025334976000.1,34.7 My,1,EC,1.0,Zr-92,,,,,,,,,
Nb-92m,Nb,41,92,m,10.15,d,876960.0,10.15 d,1,β+ & EC,1.0,Zr-92,,,,,,,,,
Nb-93m,Nb,41,93,m,16.13,y,509013217.6704,16.13 y,1,IT,1.0,Nb-93,,,,,,,,,
Nb-94,Nb,41,94,,2.03E+4,y,640605599424.0,20.3 ky,1,β-,1.0,Mo-94,,,,,,,,,
Nb-94m,Nb,41,94,m,6.263,m,375.78,6.263 m,2,IT,0.995,Nb-94,β-,0.005,Mo-94,,,,,,
Nb-95,Nb,41,95,,34.991,d,3023222.4,34.991 d,1,β-,1.0,Mo-95,,,,,,,,,
Nb-95m,Nb,41,95,m,3.61,d,311904.0,3.61 d,2,IT,0.944,Nb-95,β-,0.056,Mo-95,,,,,,
Nb-96,Nb,41,96,,23.35,h,84060.0,23.35 h,1,β-,1.0,Mo-96,,,,,,,,,
Nb-97,Nb,41,97,,72.1,m,4326.0,72.1 m,1,β-,1.0,Mo-97,,,,,,,,,
Nb-98m,Nb,41,98,m,51.3,m,3078.0,51.3 m,1,β-,1.0,Mo-98,,,,,,,,,
Nb-99,Nb,41,99,,15.0,s,15.0,15.0 s,1,β-,1.0,Mo-99,,,,,,,,,
Nb-99m,Nb,41,99,m,2.6,m,156.0,2.6 m,2,β-,0.98,Mo-99,IT,0.02,Nb-99,,,,,,
Nd-134,Nd,60,134,,8.5,m,510.0,8.5 m,1,β+ & EC,1.0,Pr-134m,,,,,,,,,
Nd-135,Nd,60,135,,12.4,m,744.0,12.4 m,1,β+ & EC,1.0,Pr-135,,,,,,,,,
Nd-136,Nd,60,136,,50.65,m,3039.0,50.65 m,1,β+ & EC,1.0,Pr-136,,,,,,,,,
Nd-137,Nd,60,137,,38.5,m,2310.0,38.5 m,1,β+ & EC,1.0,Pr-137,,,,,,,,,
Nd-138,Nd,60,138,,5.04,h,18144.0,5.04 h,1,EC,1.0,Pr-138,,,,,,,,,
Nd-139,Nd,60,139,,29.7,m,1782.0,29.7 m,1,β+ & EC,1.0,Pr-139,,,,,,,,,
Nd-139m,Nd,60,139,m,5.50,h,19800.0,5.50 h,2,β+ & EC,0.882,Pr-139,IT,0.118,Nd-139,,,,,,
Nd-140,Nd,60,140,,3.37,d,291168.0,3.37 d,1,EC,1.0,Pr-140,,,,,,,,,
Nd-141,Nd,60,141,,2.49,h,8964.0,2.49 h,1,β+ & EC,1.0,Pr-141,,,,,,,,,
Nd-141m,Nd,60,141,m,62.0,s,62.0,62.0 s,2,IT,0.99968,Nd-141,β+ & EC,0.00032,Pr-141,,,,,,
Nd-144,Nd,60,144,,2.29E+15,y,7.22653607232e+22,2.29 Py,1,α,1.0,Ce-140,,,,,,,,,
Nd-147,Nd,60,147,,10.98,d,948672.0,10.98 d,1,β-,1.0,Pm-147,,,,,,,,,
Nd-149,Nd,60,149,,1.728,h,6220.8,1.728 h,1,β-,1.0,Pm-149,,,,,,,,,
Nd-151,Nd,60,151,,12.44,m,746.4,12.44 m,1,β-,1.0,Pm-151,,,,,,,,,
Nd-152,Nd,60,152,,11.4,m,684.0,11.4 m,1,β-,1.0,Pm-152,,,,,,,,,
Ne-19,Ne,10,19,,17.22,s,17.22,17.22 s,1,β+ & EC,1.0,F-19,,,,,,,,,
Ne-24,Ne,10,24,,3.38,m,202.79999999999998,3.38 m,1,β-,1.0,Na-24,,,,,,,,,
Ni-56,Ni,28,56,,6.075,d,524880.0,6.075 d,1,β+ & EC,1.0,Co-56,,,,,,,,,
Ni-57,Ni,28,57,,35.60,h,128160.0,35.60 h,1,β+ & EC,1.0,Co-57,,,,,,,,,
Ni-59,Ni,28,59,,1.01E+5,y,3187249534080.0,0.101 My,1,β+ & EC,1.0,Co-59,,,,,,,,,
Ni-63,Ni,28,63,,100.1,y,3158848300.608,100.1 y,1,β-,1.0,Cu-63,,,,,,,,,
Ni-65,Ni,28,65,,2.51719,h,9061.884,2.51719 h,1,β-,1.0,Cu-65,,,,,,,,,
Ni-66,Ni,28,66,,54.6,h,196560.0,54.6 h,1,β-,1.0,Cu-66,,,,,,,,,
Np-232,Np,93,232,,14.7,m,882.0,14.7 m,1,β+ & EC,1.0,U-232,,,,,,,,,
Np-233,Np,93,233,,36.2,m,2172.0,36.2 m,2,EC,1.0,U-233,α,1e-05,Pa-229,,,,,,
Np-234,Np,93,234,,4.4,d,380160.00000000006,4.4 d,1,β+ & EC,1.0,U-234,,,,,,,,,
Np-235,Np,93,235,,396.1,d,34223040.0,396.1 d,3,EC,0.99598,U-235,EC,0.0039933,U-235m,α,2.6e-05,Pa-231,,,
Np-236,Np,93,236,,1.54E+5,y,4859766616320.0,0.154 My,3,EC,0.873,U-236,β-,0.125,Pu-236,α,0.0016,Pa-232,,,
Np-236m,Np,93,236,m,22.5,h,81000.0,22.5 h,2,EC,0.52,U-236,β-,0.48,Pu-236,,,,,,
Np-237,Np,93,237,,2.144E+6,y,67658049515520.01,2.144 My,1,α,1.0,Pa-233,,,,,,,,,
Np-238,Np,93,238,,2.117,d,182908.8,2.117 d,1,β-,1.0,Pu-238,,,,,,,,,
Np-239,Np,93,239,,2.3565,d,203601.6,2.3565 d,1,β-,1.0,Pu-239,,,,,,,,,
Np-240,Np,93,240,,61.9,m,3714.0,61.9 m,1,β-,1.0,Pu-240,,,,,,,,,
Np-240m,Np,93,240,m,7.22,m,433.2,7.22 m,2,β-,0.9989,Pu-240,IT,0.0011,Np-240,,,,,,
Np-241,Np,93,241,,13.9,m,834.0,13.9 m,1,β-,1.0,Pu-241,,,,,,,,,
Np-242,Np,93,242,,2.2,m,132.0,2.2 m,1,β-,1.0,Pu-242,,,,,,,,,
Np-242m,Np,93,242,m,5.5,m,330.0,5.5 m,1,β-,1.0,Pu-242,,,,,,,,,
O-14,O,8,14,,70.606,s,70.606,70.606 s,1,β+ & EC,1.0,N-14,,,,,,,,,
O-15,O,8,15,,122.24,s,122.24,122.24 s,1,β+ & EC,1.0,N-15,,,,,,,,,
O-19,O,8,19,,26.464,s,26.464,26.464 s,1,β-,1.0,F-19,,,,,,,,,
Os-180,Os,76,180,,21.5,m,1290.0,21.5 m,1,β+ & EC,1.0,Re-180,,,,,,,,,
Os-181,Os,76,181,,105,m,6300.0,105 m,1,β+ & EC,1.0,Re-181,,,,,,,,,
Os-182,Os,76,182,,22.10,h,79560.0,22.10 h,1,EC,1.0,Re-182m,,,,,,,,,
Os-183,Os,76,183,,13.0,h,46800.0,13.0 h,1,β+ & EC,1.0,Re-183,,,,,,,,,
Os-183m,Os,76,183,m,9.9,h,35640.0,9.9 h,2,β+ & EC,0.85,Re-183,IT,0.15,Os-183,,,,,,
Os-185,Os,76,185,,93.6,d,8087039.999999999,93.6 d,1,EC,1.0,Re-185,,,,,,,,,
Os-186,Os,76,186,,2.0E+15,y,6.311385216e+22,2.0 Py,1,α,1.0,W-182,,,,,,,,,
Os-189m,Os,76,189,m,5.8,h,20880.0,5.8 h,1,IT,1.0,Os-189,,,,,,,,,
Os-190m,Os,76,190,m,9.9,m,594.0,9.9 m,1,IT,1.0,Os-190,,,,,,,,,
Os-191,Os,76,191,,15.4,d,1330560.0,15.4 d,1,β-,1.0,Ir-191,,,,,,,,,
Os-191m,Os,76,191,m,13.10,h,47160.0,13.10 h,1,IT,1.0,Os-191,,,,,,,,,
Os-193,Os,76,193,,30.11,h,108396.0,30.11 h,2,β-,0.0034757,Ir-193m,β-,0.99652,Ir-193,,,,,,
Os-194,Os,76,194,,6.0,y,189341556.48000002,6.0 y,1,β-,1.0,Ir-194,,,,,,,,,
Os-196,Os,76,196,,34.9,m,2094.0,34.9 m,1,β-,1.0,Ir-196,,,,,,,,,
P-30,P,15,30,,2.498,m,149.88000000000002,2.498 m,1,β+ & EC,1.0,Si-30,,,,,,,,,
P-32,P,15,32,,14.263,d,1232323.2,14.263 d,1,β-,1.0,S-32,,,,,,,,,
P-33,P,15,33,,25.34,d,2189376.0,25.34 d,1,β-,1.0,S-33,,,,,,,,,
Pa-227,Pa,91,227,,38.3,m,2298.0,38.3 m,2,α,0.85,Ac-223,EC,0.15,Th-227,,,,,,
Pa-228,Pa,91,228,,22,h,79200.0,22 h,2,β+ & EC,0.98,Th-228,α,0.02,Ac-224,,,,,,
Pa-229,Pa,91,229,,1.50,d,129600.0,1.50 d,2,EC,0.9952,Th-229,α,0.0048,Ac-225,,,,,,
Pa-230,Pa,91,230,,17.4,d,1503359.9999999998,17.4 d,3,EC,0.916,Th-230,β-,0.084,U-230,α,3.2e-05,Ac-226,,,
Pa-231,Pa,91,231,,3.276E+4,y,1033804898380.8,32.76 ky,1,α,1.0,Ac-227,,,,,,,,,
Pa-232,Pa,91,232,,1.31,d,113184.0,1.31 d,2,β-,1.0,U-232,EC,3e-05,Th-232,,,,,,
Pa-233,Pa,91,233,,26.967,d,2329948.8,26.967 d,1,β-,1.0,U-233,,,,,,,,,
Pa-234,Pa,91,234,,6.70,h,24120.0,6.70 h,1,β-,1.0,U-234,,,,,,,,,
Pa-234m,Pa,91,234,m,1.17,m,70.19999999999999,1.17 m,2,β-,0.9984,U-234,IT,0.0016,Pa-234,,,,,,
Pa-235,Pa,91,235,,24.5,m,1470.0,24.5 m,2,β-,0.9999,U-235m,β-,0.00010109,U-235,,,,,,
Pa-236,Pa,91,236,,9.1,m,546.0,9.1 m,1,β-,1.0,U-236,,,,,,,,,
Pa-237,Pa,91,237,,8.7,m,522.0,8.7 m,1,β-,1.0,U-237,,,,,,,,,
Pb-194,Pb,82,194,,12.0,m,720.0,12.0 m,2,β+ & EC,1.0,Tl-194,α,7.3e-08,Hg-190,,,,,,
Pb-195m,Pb,82,195,m,15,m,900.0,15 m,1,β+ & EC,1.0,Tl-195,,,,,,,,,
Pb-196,Pb,82,196,,37,m,2220.0,37 m,1,β+ & EC,1.0,Tl-196,,,,,,,,,
Pb-197,Pb,82,197,,8,m,480.0,8 m,1,β+ & EC,1.0,Tl-197,,,,,,,,,
Pb-197m,Pb,82,197,m,43,m,2580.0,43 m,2,β+ & EC,0.81,Tl-197,IT,0.19,Pb-197,,,,,,
Pb-198,Pb,82,198,,2.4,h,8640.0,2.4 h,1,EC,1.0,Tl-198,,,,,,,,,
Pb-199,Pb,82,199,,90,m,5400.0,90 m,1,β+ & EC,1.0,Tl-199,,,,,,,,,
Pb-200,Pb,82,200,,21.5,h,77400.0,21.5 h,1,EC,1.0,Tl-200,,,,,,,,,
Pb-201,Pb,82,201,,9.33,h,33588.0,9.33 h,1,β+ & EC,1.0,Tl-201,,,,,,,,,
Pb-201m,Pb,82,201,m,61,s,61.0,61 s,1,IT,1.0,Pb-201,,,,,,,,,
Pb-202,Pb,82,202,,5.25E+4,y,1656738619200.0,52.5 ky,2,EC,0.99,Tl-202,α,0.01,Hg-198,,,,,,
Pb-202m,Pb,82,202,m,3.53,h,12708.0,3.53 h,2,IT,0.905,Pb-202,EC,0.095,Tl-202,,,,,,
Pb-203,Pb,82,203,,51.873,h,186742.8,51.873 h,1,EC,1.0,Tl-203,,,,,,,,,
Pb-204m,Pb,82,204,m,67.2,m,4032.0,67.2 m,1,IT,1.0,Pb-204,,,,,,,,,
Pb-205,Pb,82,205,,1.53E+7,y,482820969024000.0,15.3 My,1,EC,1.0,Tl-205,,,,,,,,,
Pb-209,Pb,82,209,,3.253,h,11710.800000000001,3.253 h,1,β-,1.0,Bi-209,,,,,,,,,
Pb-210,Pb,82,210,,22.20,y,700563758.9760001,22.20 y,2,β-,1.0,Bi-210,α,1.9e-08,Hg-206,,,,,,
Pb-211,Pb,82,211,,36.1,m,2166.0,36.1 m,1,β-,1.0,Bi-211,,,,,,,,,
Pb-212,Pb,82,212,,10.64,h,38304.0,10.64 h,1,β-,1.0,Bi-212,,,,,,,,,
Pb-214,Pb,82,214,,26.8,m,1608.0,26.8 m,1,β-,1.0,Bi-214,,,,,,,,,
Pd-100,Pd,46,100,,3.63,d,313632.0,3.63 d,1,EC,1.0,Rh-100,,,,,,,,,
Pd-101,Pd,46,101,,8.47,h,30492.000000000004,8.47 h,2,β+ & EC,0.9973,Rh-101m,β+ & EC,0.0027,Rh-101,,,,,,
Pd-103,Pd,46,103,,16.991,d,1468022.4,16.991 d,2,EC,0.99875,Rh-103m,EC,0.0012512,Rh-103,,,,,,
Pd-107,Pd,46,107,,6.5E+6,y,205120019520000.0,6.5 My,1,β-,1.0,Ag-107,,,,,,,,,
Pd-109,Pd,46,109,,13.7012,h,49324.32,13.7012 h,1,β-,1.0,Ag-109,,,,,,,,,
Pd-109m,Pd,46,109,m,4.69,m,281.40000000000003,4.69 m,1,IT,1.0,Pd-109,,,,,,,,,
Pd-111,Pd,46,111,,23.4,m,1404.0,23.4 m,2,β-,0.99756,Ag-111m,β-,0.0024368,Ag-111,,,,,,
Pd-112,Pd,46,112,,21.03,h,75708.0,21.03 h,1,β-,1.0,Ag-112,,,,,,,,,
Pd-114,Pd,46,114,,2.42,m,145.2,2.42 m,1,β-,1.0,Ag-114,,,,,,,,,
Pd-96,Pd,46,96,,122,s,122.0,122 s,1,β+ & EC,1.0,Rh-96m,,,,,,,,,
Pd-97,Pd,46,97,,3.10,m,186.0,3.10 m,2,β+ & EC,0.98838,Rh-97,β+ & EC,0.011622,Rh-97m,,,,,,
Pd-98,Pd,46,98,,17.7,m,1062.0,17.7 m,1,β+ & EC,1.0,Rh-98,,,,,,,,,
Pd-99,Pd,46,99,,21.4,m,1284.0,21.4 m,2,β+ & EC,0.96647,Rh-99m,β+ & EC,0.033529,Rh-99,,,,,,
Pm-136,Pm,61,136,,107,s,107.0,107 s,1,β+ & EC,1.0,Nd-136,,,,,,,,,
Pm-137m,Pm,61,137,m,2.4,m,144.0,2.4 m,1,β+ & EC,1.0,Nd-137,,,,,,,,,
Pm-139,Pm,61,139,,4.15,m,249.00000000000003,4.15 m,1,β+ & EC,1.0,Nd-139,,,,,,,,,
Pm-140,Pm,61,140,,9.2,s,9.2,9.2 s,1,β+ & EC,1.0,Nd-140,,,,,,,,,
Pm-140m,Pm,61,140,m,5.95,m,357.0,5.95 m,1,β+ & EC,1.0,Nd-140,,,,,,,,,
Pm-141,Pm,61,141,,20.90,m,1254.0,20.90 m,2,β+ & EC,0.99833,Nd-141,β+ & EC,0.0016651,Nd-141m,,,,,,
Pm-142,Pm,61,142,,40.5,s,40.5,40.5 s,1,β+ & EC,1.0,Nd-142,,,,,,,,,
Pm-143,Pm,61,143,,265,d,22896000.0,265 d,1,EC,1.0,Nd-143,,,,,,,,,
Pm-144,Pm,61,144,,363,d,31363200.0,363 d,1,EC,1.0,Nd-144,,,,,,,,,
Pm-145,Pm,61,145,,17.7,y,558557591.616,17.7 y,2,EC,1.0,Nd-145,α,2.8e-09,Pr-141,,,,,,
Pm-146,Pm,61,146,,5.53,y,174509801.2224,5.53 y,2,β-,0.34,Sm-146,EC,0.66,Nd-146,,,,,,
Pm-147,Pm,61,147,,2.6234,y,82786439.87827201,2.6234 y,1,β-,1.0,Sm-147,,,,,,,,,
Pm-148,Pm,61,148,,5.368,d,463795.2,5.368 d,1,β-,1.0,Sm-148,,,,,,,,,
Pm-148m,Pm,61,148,m,41.29,d,3567456.0,41.29 d,2,β-,0.958,Sm-148,IT,0.042,Pm-148,,,,,,
Pm-149,Pm,61,149,,53.08,h,191088.0,53.08 h,1,β-,1.0,Sm-149,,,,,,,,,
Pm-150,Pm,61,150,,2.68,h,9648.0,2.68 h,1,β-,1.0,Sm-150,,,,,,,,,
Pm-151,Pm,61,151,,28.40,h,102240.0,28.40 h,1,β-,1.0,Sm-151,,,,,,,,,
Pm-152,Pm,61,152,,4.12,m,247.20000000000002,4.12 m,1,β-,1.0,Sm-152,,,,,,,,,
Pm-152m,Pm,61,152,m,7.52,m,451.2,7.52 m,1,β-,1.0,Sm-152,,,,,,,,,
Pm-153,Pm,61,153,,5.25,m,315.0,5.25 m,1,β-,1.0,Sm-153,,,,,,,,,
Pm-154,Pm,61,154,,1.73,m,103.8,1.73 m,1,β-,1.0,Sm-154,,,,,,,,,
Pm-154m,Pm,61,154,m,2.68,m,160.8,2.68 m,1,β-,1.0,Sm-154,,,,,,,,,
Po-203,Po,84,203,,36.7,m,2202.0,36.7 m,2,β+ & EC,0.9989,Bi-203,α,0.0011,Pb-199,,,,,,
Po-204,Po,84,204,,3.53,h,12708.0,3.53 h,2,EC,0.9934,Bi-204,α,0.0066,Pb-200,,,,,,
Po-205,Po,84,205,,1.66,h,5976.0,1.66 h,2,β+ & EC,0.999,Bi-205,α,0.0004,Pb-201,,,,,,
Po-206,Po,84,206,,8.8,d,760320.0000000001,8.8 d,2,EC,0.9455,Bi-206,α,0.0545,Pb-202,,,,,,
Po-207,Po,84,207,,5.80,h,20880.0,5.80 h,2,β+ & EC,0.99979,Bi-207,α,0.00021,Pb-203,,,,,,
Po-208,Po,84,208,,2.898,y,91451971.77984,2.898 y,2,EC,2.23e-05,Bi-208,α,0.99998,Pb-204,,,,,,
Po-209,Po,84,209,,102,y,3218806460.1600003,102 y,2,α,0.9952,Pb-205,EC,0.0048,Bi-209,,,,,,
Po-210,Po,84,210,,138.376,d,11955686.4,138.376 d,1,α,1.0,Pb-206,,,,,,,,,
Po-211,Po,84,211,,0.516,s,0.516,0.516 s,1,α,1.0,Pb-207,,,,,,,,,
Po-212,Po,84,212,,2.99E-7,s,2.99e-07,0.299 μs,1,α,1.0,Pb-208,,,,,,,,,
Po-212m,Po,84,212,m,45.1,s,45.1,45.1 s,1,α,0.9993,Pb-208,,,,,,,,,
Po-213,Po,84,213,,4.2E-6,s,4.2e-06,4.2 μs,1,α,1.0,Pb-209,,,,,,,,,
Po-214,Po,84,214,,1.643E-4,s,0.0001643,0.1643 ms,1,α,1.0,Pb-210,,,,,,,,,
Po-215,Po,84,215,,1.781E-3,s,0.001781,1.781 ms,1,α,1.0,Pb-211,,,,,,,,,
Po-216,Po,84,216,,0.145,s,0.145,0.145 s,1,α,1.0,Pb-212,,,,,,,,,
Po-218,Po,84,218,,3.10,m,186.0,3.10 m,2,α,0.9998,Pb-214,β-,0.0002,At-218,,,,,,
Pr-134,Pr,59,134,,11,m,660.0,11 m,1,β+ & EC,1.0,Ce-134,,,,,,,,,
Pr-134m,Pr,59,134,m,17,m,1020.0,17 m,1,β+ & EC,1.0,Ce-134,,,,,,,,,
Pr-135,Pr,59,135,,24,m,1440.0,24 m,1,β+ & EC,1.0,Ce-135,,,,,,,,,
Pr-136,Pr,59,136,,13.1,m,786.0,13.1 m,1,β+ & EC,1.0,Ce-136,,,,,,,,,
Pr-137,Pr,59,137,,1.28,h,4608.0,1.28 h,1,β+ & EC,1.0,Ce-137,,,,,,,,,
Pr-138,Pr,59,138,,1.45,m,87.0,1.45 m,1,β+ & EC,1.0,Ce-138,,,,,,,,,
Pr-138m,Pr,59,138,m,2.12,h,7632.0,2.12 h,1,β+ & EC,1.0,Ce-138,,,,,,,,,
Pr-139,Pr,59,139,,4.41,h,15876.0,4.41 h,1,β+ & EC,1.0,Ce-139,,,,,,,,,
Pr-140,Pr,59,140,,3.39,m,203.4,3.39 m,1,β+ & EC,1.0,Ce-140,,,,,,,,,
Pr-142,Pr,59,142,,19.12,h,68832.0,19.12 h,2,β-,0.99984,Nd-142,EC,0.000164,Ce-142,,,,,,
Pr-142m,Pr,59,142,m,14.6,m,876.0,14.6 m,1,IT,1.0,Pr-142,,,,,,,,,
Pr-143,Pr,59,143,,13.57,d,1172448.0,13.57 d,1,β-,1.0,Nd-143,,,,,,,,,
Pr-144,Pr,59,144,,17.28,m,1036.8000000000002,17.28 m,1,β-,1.0,Nd-144,,,,,,,,,
Pr-144m,Pr,59,144,m,7.2,m,432.0,7.2 m,2,IT,0.9993,Pr-144,β-,0.0007,Nd-144,,,,,,
Pr-145,Pr,59,145,,5.984,h,21542.4,5.984 h,1,β-,1.0,Nd-145,,,,,,,,,
Pr-146,Pr,59,146,,24.15,m,1449.0,24.15 m,1,β-,1.0,Nd-146,,,,,,,,,
Pr-147,Pr,59,147,,13.4,m,804.0,13.4 m,1,β-,1.0,Nd-147,,,,,,,,,
Pr-148,Pr,59,148,,2.29,m,137.4,2.29 m,1,β-,1.0,Nd-148,,,,,,,,,
Pr-148m,Pr,59,148,m,2.01,m,120.6,2.01 m,1,β-,1.0,Nd-148,,,,,,,,,
Pt-184,Pt,78,184,,17.3,m,1038.0,17.3 m,2,β+ & EC,1.0,Ir-184,α,1.7e-05,Os-180,,,,,,
Pt-186,Pt,78,186,,2.08,h,7488.0,2.08 h,3,EC,0.81942,Ir-186m,EC,0.18058,Ir-186,α,1e-06,Os-182,,,
Pt-187,Pt,78,187,,2.35,h,8460.0,2.35 h,1,β+ & EC,1.0,Ir-187,,,,,,,,,
Pt-188,Pt,78,188,,10.2,d,881279.9999999999,10.2 d,2,EC,1.0,Ir-188,α,2.9e-07,Os-184,,,,,,
Pt-189,Pt,78,189,,10.87,h,39132.0,10.87 h,1,β+ & EC,1.0,Ir-189,,,,,,,,,
Pt-190,Pt,78,190,,6.50E+11,y,2.0512001952e+19,0.650 Ty,1,α,1.0,Os-186,,,,,,,,,
Pt-191,Pt,78,191,,2.802,d,242092.80000000002,2.802 d,1,EC,1.0,Ir-191,,,,,,,,,
Pt-193,Pt,78,193,,50,y,1577846304.0,50 y,1,EC,1.0,Ir-193,,,,,,,,,
Pt-193m,Pt,78,193,m,4.33,d,374112.0,4.33 d,1,IT,1.0,Pt-193,,,,,,,,,
Pt-195m,Pt,78,195,m,4.02,d,347327.99999999994,4.02 d,1,IT,1.0,Pt-195,,,,,,,,,
Pt-197,Pt,78,197,,19.8915,h,71609.40000000001,19.8915 h,1,β-,1.0,Au-197,,,,,,,,,
Pt-197m,Pt,78,197,m,95.41,m,5724.599999999999,95.41 m,2,IT,0.967,Pt-197,β-,0.033,Au-197,,,,,,
Pt-199,Pt,78,199,,30.80,m,1848.0,30.80 m,1,β-,1.0,Au-199,,,,,,,,,
Pt-200,Pt,78,200,,12.5,h,45000.0,12.5 h,1,β-,1.0,Au-200,,,,,,,,,
Pt-202,Pt,78,202,,44,h,158400.0,44 h,1,β-,1.0,Au-202,,,,,,,,,
Pu-232,Pu,94,232,,33.7,m,2022.0000000000002,33.7 m,2,EC,0.77,Np-232,α,0.23,U-228,,,,,,
Pu-234,Pu,94,234,,8.8,h,31680.000000000004,8.8 h,2,EC,0.94,Np-234,α,0.06,U-230,,,,,,
Pu-235,Pu,94,235,,25.3,m,1518.0,25.3 m,2,EC,0.99997,Np-235,α,2.7e-05,U-231,,,,,,
Pu-236,Pu,94,236,,2.858,y,90189694.73664,2.858 y,2,α,1.0,U-232,SF,1.37e-09,SF,,,,,,
Pu-237,Pu,94,237,,45.2,d,3905280.0000000005,45.2 d,2,EC,1.0,Np-237,α,4.2e-05,U-233,,,,,,
Pu-238,Pu,94,238,,87.7,y,2767542417.216,87.7 y,2,α,1.0,U-234,SF,1.85e-09,SF,,,,,,
Pu-239,Pu,94,239,,2.411E+4,y,760837487788.8,24.11 ky,2,α,0.9994,U-235m,α,0.0006,U-235,,,,,,
Pu-240,Pu,94,240,,6564,y,207139662789.12003,6564 y,2,α,1.0,U-236,SF,5.75e-08,SF,,,,,,
Pu-241,Pu,94,241,,14.35,y,452841889.248,14.35 y,2,β-,0.99998,Am-241,α,2.45e-05,U-237,,,,,,
Pu-242,Pu,94,242,,3.75E+5,y,11833847280000.0,0.375 My,2,α,1.0,U-238,SF,5.54e-06,SF,,,,,,
Pu-243,Pu,94,243,,4.956,h,17841.600000000002,4.956 h,1,β-,1.0,Am-243,,,,,,,,,
Pu-244,Pu,94,244,,8.00E+7,y,2524554086400000.0,80.0 My,2,α,0.99879,U-240,SF,0.00121,SF,,,,,,
Pu-245,Pu,94,245,,10.5,h,37800.0,10.5 h,1,β-,1.0,Am-245,,,,,,,,,
Pu-246,Pu,94,246,,10.84,d,936576.0,10.84 d,1,β-,1.0,Am-246m,,,,,,,,,
Ra-219,Ra,88,219,,10,ms,0.01,10 ms,1,α,1.0,Rn-215,,,,,,,,,
Ra-220,Ra,88,220,,1.79E-2,s,0.0179,17.9 ms,1,α,1.0,Rn-216,,,,,,,,,
Ra-221,Ra,88,221,,28,s,28.0,28 s,1,α,1.0,Rn-217,,,,,,,,,
Ra-222,Ra,88,222,,38.0,s,38.0,38.0 s,1,α,1.0,Rn-218,,,,,,,,,
Ra-223,Ra,88,223,,11.43,d,987552.0,11.43 d,1,α,1.0,Rn-219,,,,,,,,,
Ra-224,Ra,88,224,,3.66,d,316224.0,3.66 d,1,α,1.0,Rn-220,,,,,,,,,
Ra-225,Ra,88,225,,14.9,d,1287360.0,14.9 d,1,β-,1.0,Ac-225,,,,,,,,,
Ra-226,Ra,88,226,,1600,y,50491081728.0,1600 y,1,α,1.0,Rn-222,,,,,,,,,
Ra-227,Ra,88,227,,42.2,m,2532.0,42.2 m,1,β-,1.0,Ac-227,,,,,,,,,
Ra-228,Ra,88,228,,5.75,y,181452324.96,5.75 y,1,β-,1.0,Ac-228,,,,,,,,,
Ra-230,Ra,88,230,,93,m,5580.0,93 m,1,β-,1.0,Ac-230,,,,,,,,,
Rb-77,Rb,37,77,,3.77,m,226.2,3.77 m,1,β+ & EC,1.0,Kr-77,,,,,,,,,
Rb-78,Rb,37,78,,17.66,m,1059.6,17.66 m,1,β+ & EC,1.0,Kr-78,,,,,,,,,
Rb-78m,Rb,37,78,m,5.74,m,344.40000000000003,5.74 m,2,IT,0.1,Rb-78,β+ & EC,0.9,Kr-78,,,,,,
Rb-79,Rb,37,79,,22.9,m,1374.0,22.9 m,1,β+ & EC,1.0,Kr-79,,,,,,,,,
Rb-80,Rb,37,80,,33.4,s,33.4,33.4 s,1,β+ & EC,1.0,Kr-80,,,,,,,,,
Rb-81,Rb,37,81,,4.576,h,16473.6,4.576 h,2,β+ & EC,0.95691,Kr-81m,β+ & EC,0.043091,Kr-81,,,,,,
Rb-81m,Rb,37,81,m,30.5,m,1830.0,30.5 m,3,IT,0.976,Rb-81,β+ & EC,0.023786,Kr-81,β+ & EC,0.00021355,Kr-81m,,,
Rb-82,Rb,37,82,,1.273,m,76.38,1.273 m,1,β+ & EC,1.0,Kr-82,,,,,,,,,
Rb-82m,Rb,37,82,m,6.472,h,23299.2,6.472 h,1,β+ & EC,1.0,Kr-82,,,,,,,,,
Rb-83,Rb,37,83,,86.2,d,7447680.0,86.2 d,2,EC,0.74292,Kr-83m,EC,0.25708,Kr-83,,,,,,
Rb-84,Rb,37,84,,32.77,d,2831328.0000000005,32.77 d,2,β+ & EC,0.962,Kr-84,β-,0.038,Sr-84,,,,,,
Rb-84m,Rb,37,84,m,20.26,m,1215.6000000000001,20.26 m,1,IT,1.0,Rb-84,,,,,,,,,
Rb-86,Rb,37,86,,18.642,d,1610668.8,18.642 d,2,β-,0.99995,Sr-86,EC,5.2e-05,Kr-86,,,,,,
Rb-86m,Rb,37,86,m,1.017,m,61.019999999999996,1.017 m,1,IT,1.0,Rb-86,,,,,,,,,
Rb-87,Rb,37,87,,4.923E10,y,1.5535474709184e+18,49.23 By,1,β-,1.0,Sr-87,,,,,,,,,
Rb-88,Rb,37,88,,17.78,m,1066.8000000000002,17.78 m,1,β-,1.0,Sr-88,,,,,,,,,
Rb-89,Rb,37,89,,15.15,m,909.0,15.15 m,1,β-,1.0,Sr-89,,,,,,,,,
Rb-90,Rb,37,90,,158,s,158.0,158 s,1,β-,1.0,Sr-90,,,,,,,,,
Rb-90m,Rb,37,90,m,258,s,258.0,258 s,2,β-,0.974,Sr-90,IT,0.026,Rb-90,,,,,,
Re-178,Re,75,178,,13.2,m,792.0,13.2 m,1,β+ & EC,1.0,W-178,,,,,,,,,
Re-179,Re,75,179,,19.5,m,1170.0,19.5 m,2,β+ & EC,0.76079,W-179,β+ & EC,0.23921,W-179m,,,,,,
Re-180,Re,75,180,,2.44,m,146.4,2.44 m,1,β+ & EC,1.0,W-180,,,,,,,,,
Re-181,Re,75,181,,19.9,h,71640.0,19.9 h,1,β+ & EC,1.0,W-181,,,,,,,,,
Re-182,Re,75,182,,64.0,h,230400.0,64.0 h,1,EC,1.0,W-182,,,,,,,,,
Re-182m,Re,75,182,m,12.7,h,45720.0,12.7 h,1,β+ & EC,1.0,W-182,,,,,,,,,
Re-183,Re,75,183,,70.0,d,6048000.0,70.0 d,1,EC,1.0,W-183,,,,,,,,,
Re-184,Re,75,184,,38.0,d,3283200.0,38.0 d,1,β+ & EC,1.0,W-184,,,,,,,,,
Re-184m,Re,75,184,m,169,d,14601600.0,169 d,2,IT,0.754,Re-184,EC,0.246,W-184,,,,,,
Re-186,Re,75,186,,3.7183,d,321261.12,3.7183 d,2,β-,0.9253,Os-186,EC,0.0747,W-186,,,,,,
Re-186m,Re,75,186,m,2.00E+5,y,6311385216000.0,0.200 My,1,IT,1.0,Re-186,,,,,,,,,
Re-187,Re,75,187,,4.12E+10,y,1.300145354496e+18,41.2 By,1,β-,1.0,Os-187,,,,,,,,,
Re-188,Re,75,188,,17.0040,h,61214.4,17.0040 h,1,β-,1.0,Os-188,,,,,,,,,
Re-188m,Re,75,188,m,18.59,m,1115.4,18.59 m,1,IT,1.0,Re-188,,,,,,,,,
Re-189,Re,75,189,,24.3,h,87480.0,24.3 h,2,β-,0.12211,Os-189m,β-,0.87789,Os-189,,,,,,
Re-190,Re,75,190,,3.1,m,186.0,3.1 m,1,β-,1.0,Os-190,,,,,,,,,
Re-190m,Re,75,190,m,3.2,h,11520.0,3.2 h,2,IT,0.456,Re-190,β-,0.544,Os-190,,,,,,
Rh-100,Rh,45,100,,20.8,h,74880.0,20.8 h,1,β+ & EC,1.0,Ru-100,,,,,,,,,
Rh-100m,Rh,45,100,m,4.6,m,276.0,4.6 m,2,IT,0.983,Rh-100,β+ & EC,0.017,Ru-100,,,,,,
Rh-101,Rh,45,101,,3.3,y,104137856.064,3.3 y,1,EC,1.0,Ru-101,,,,,,,,,
Rh-101m,Rh,45,101,m,4.34,d,374976.0,4.34 d,2,IT,0.064,Rh-101,EC,0.936,Ru-101,,,,,,
Rh-102,Rh,45,102,,207,d,17884800.0,207 d,2,β+ & EC,0.78,Ru-102,β-,0.22,Pd-102,,,,,,
Rh-102m,Rh,45,102,m,3.742,y,118086017.39136,3.742 y,2,IT,0.00233,Rh-102,β+ & EC,0.99767,Ru-102,,,,,,
Rh-103m,Rh,45,103,m,56.114,m,3366.8399999999997,56.114 m,1,IT,1.0,Rh-103,,,,,,,,,
Rh-104,Rh,45,104,,42.3,s,42.3,42.3 s,2,β-,0.9955,Pd-104,EC,0.0045,Ru-104,,,,,,
Rh-104m,Rh,45,104,m,4.34,m,260.4,4.34 m,2,IT,0.9987,Rh-104,β-,0.0013,Pd-104,,,,,,
Rh-105,Rh,45,105,,35.36,h,127296.0,35.36 h,1,β-,1.0,Pd-105,,,,,,,,,
Rh-106,Rh,45,106,,29.80,s,29.8,29.80 s,1,β-,1.0,Pd-106,,,,,,,,,
Rh-106m,Rh,45,106,m,131,m,7860.0,131 m,1,β-,1.0,Pd-106,,,,,,,,,
Rh-107,Rh,45,107,,21.7,m,1302.0,21.7 m,1,β-,1.0,Pd-107,,,,,,,,,
Rh-108,Rh,45,108,,16.8,s,16.8,16.8 s,1,β-,1.0,Pd-108,,,,,,,,,
Rh-109,Rh,45,109,,80,s,80.0,80 s,1,β-,1.0,Pd-109,,,,,,,,,
Rh-94,Rh,45,94,,70.6,s,70.6,70.6 s,1,β+ & EC,1.0,Ru-94,,,,,,,,,
Rh-95,Rh,45,95,,5.02,m,301.2,5.02 m,1,β+ & EC,1.0,Ru-95,,,,,,,,,
Rh-95m,Rh,45,95,m,1.96,m,117.6,1.96 m,2,IT,0.88,Rh-95,β+ & EC,0.12,Ru-95,,,,,,
Rh-96,Rh,45,96,,9.90,m,594.0,9.90 m,1,β+ & EC,1.0,Ru-96,,,,,,,,,
Rh-96m,Rh,45,96,m,1.51,m,90.6,1.51 m,2,IT,0.6,Rh-96,β+ & EC,0.4,Ru-96,,,,,,
Rh-97,Rh,45,97,,30.7,m,1842.0,30.7 m,1,β+ & EC,1.0,Ru-97,,,,,,,,,
Rh-97m,Rh,45,97,m,46.2,m,2772.0,46.2 m,2,β+ & EC,0.944,Ru-97,IT,0.056,Rh-97,,,,,,
Rh-98,Rh,45,98,,8.7,m,522.0,8.7 m,1,β+ & EC,1.0,Ru-98,,,,,,,,,
Rh-99,Rh,45,99,,16.1,d,1391040.0000000002,16.1 d,1,β+ & EC,1.0,Ru-99,,,,,,,,,
Rh-99m,Rh,45,99,m,4.7,h,16920.0,4.7 h,1,β+ & EC,1.0,Ru-99,,,,,,,,,
Rn-207,Rn,86,207,,9.25,m,555.0,9.25 m,2,β+ & EC,0.79,At-207,α,0.21,Po-203,,,,,,
Rn-209,Rn,86,209,,28.5,m,1710.0,28.5 m,2,β+ & EC,0.83,At-209,α,0.17,Po-205,,,,,,
Rn-210,Rn,86,210,,2.4,h,8640.0,2.4 h,2,α,0.96,Po-206,EC,0.04,At-210,,,,,,
Rn-211,Rn,86,211,,14.6,h,52560.0,14.6 h,2,β+ & EC,0.726,At-211,α,0.274,Po-207,,,,,,
Rn-212,Rn,86,212,,23.9,m,1434.0,23.9 m,1,α,1.0,Po-208,,,,,,,,,
Rn-215,Rn,86,215,,2.30,μs,2.2999999999999996e-06,2.30 μs,1,α,1.0,Po-211,,,,,,,,,
Rn-216,Rn,86,216,,4.5E-5,s,4.5e-05,45 μs,1,α,1.0,Po-212,,,,,,,,,
Rn-217,Rn,86,217,,5.40E-4,s,0.00054,0.540 ms,1,α,1.0,Po-213,,,,,,,,,
Rn-218,Rn,86,218,,3.5E-2,s,0.035,35 ms,1,α,1.0,Po-214,,,,,,,,,
Rn-219,Rn,86,219,,3.96,s,3.96,3.96 s,1,α,1.0,Po-215,,,,,,,,,
Rn-220,Rn,86,220,,55.6,s,55.6,55.6 s,1,α,1.0,Po-216,,,,,,,,,
Rn-222,Rn,86,222,,3.8235,d,330350.4,3.8235 d,1,α,1.0,Po-218,,,,,,,,,
Rn-223,Rn,86,223,,24.3,m,1458.0,24.3 m,1,β-,1.0,Fr-223,,,,,,,,,
Ru-103,Ru,44,103,,39.26,d,3392064.0,39.26 d,2,β-,0.98755,Rh-103m,β-,0.012453,Rh-103,,,,,,
Ru-105,Ru,44,105,,4.44,h,15984.000000000002,4.44 h,1,β-,1.0,Rh-105,,,,,,,,,
Ru-106,Ru,44,106,,373.59,d,32278175.999999996,373.59 d,1,β-,1.0,Rh-106,,,,,,,,,
Ru-107,Ru,44,107,,3.75,m,225.0,3.75 m,1,β-,1.0,Rh-107,,,,,,,,,
Ru-108,Ru,44,108,,4.55,m,273.0,4.55 m,1,β-,1.0,Rh-108,,,,,,,,,
Ru-92,Ru,44,92,,3.65,m,219.0,3.65 m,1,β+ & EC,1.0,Tc-92,,,,,,,,,
Ru-94,Ru,44,94,,51.8,m,3108.0,51.8 m,1,β+ & EC,1.0,Tc-94m,,,,,,,,,
Ru-95,Ru,44,95,,1.643,h,5914.8,1.643 h,2,β+ & EC,0.97387,Tc-95,β+ & EC,0.026131,Tc-95m,,,,,,
Ru-97,Ru,44,97,,2.9,d,250560.0,2.9 d,2,EC,0.99958,Tc-97,EC,0.00042179,Tc-97m,,,,,,
S-35,S,16,35,,87.51,d,7560864.0,87.51 d,1,β-,1.0,Cl-35,,,,,,,,,
S-37,S,16,37,,5.05,m,303.0,5.05 m,1,β-,1.0,Cl-37,,,,,,,,,
S-38,S,16,38,,170.3,m,10218.0,170.3 m,1,β-,1.0,Cl-38,,,,,,,,,
Sb-111,Sb,51,111,,75,s,75.0,75 s,1,β+ & EC,1.0,Sn-111,,,,,,,,,
Sb-113,Sb,51,113,,6.67,m,400.2,6.67 m,2,β+ & EC,0.77569,Sn-113,β+ & EC,0.22431,Sn-113m,,,,,,
Sb-114,Sb,51,114,,3.49,m,209.4,3.49 m,1,β+ & EC,1.0,Sn-114,,,,,,,,,
Sb-115,Sb,51,115,,32.1,m,1926.0,32.1 m,1,β+ & EC,1.0,Sn-115,,,,,,,,,
Sb-116,Sb,51,116,,15.8,m,948.0,15.8 m,1,β+ & EC,1.0,Sn-116,,,,,,,,,
Sb-116m,Sb,51,116,m,60.3,m,3618.0,60.3 m,1,β+ & EC,1.0,Sn-116,,,,,,,,,
Sb-117,Sb,51,117,,2.80,h,10080.0,2.80 h,1,β+ & EC,1.0,Sn-117,,,,,,,,,
Sb-118,Sb,51,118,,3.6,m,216.0,3.6 m,1,β+ & EC,1.0,Sn-118,,,,,,,,,
Sb-118m,Sb,51,118,m,5.00,h,18000.0,5.00 h,1,β+ & EC,1.0,Sn-118,,,,,,,,,
Sb-119,Sb,51,119,,38.19,h,137484.0,38.19 h,1,EC,1.0,Sn-119,,,,,,,,,
Sb-120,Sb,51,120,,15.89,m,953.4000000000001,15.89 m,1,β+ & EC,1.0,Sn-120,,,,,,,,,
Sb-120m,Sb,51,120,m,5.76,d,497664.0,5.76 d,1,EC,1.0,Sn-120,,,,,,,,,
Sb-122,Sb,51,122,,2.7238,d,235336.32,2.7238 d,2,β-,0.9759,Te-122,β+ & EC,0.0241,Sn-122,,,,,,
Sb-122m,Sb,51,122,m,4.191,m,251.45999999999998,4.191 m,1,IT,1.0,Sb-122,,,,,,,,,
Sb-124,Sb,51,124,,60.20,d,5201280.0,60.20 d,1,β-,1.0,Te-124,,,,,,,,,
Sb-124m,Sb,51,124,m,93,s,93.0,93 s,2,IT,0.75,Sb-124,β-,0.25,Te-124,,,,,,
Sb-124n,Sb,51,124,n,20.2,m,1212.0,20.2 m,1,IT,1.0,Sb-124m,,,,,,,,,
Sb-125,Sb,51,125,,2.75856,y,87051674.00724481,2.75856 y,2,β-,0.23136,Te-125m,β-,0.76864,Te-125,,,,,,
Sb-126,Sb,51,126,,12.35,d,1067040.0,12.35 d,1,β-,1.0,Te-126,,,,,,,,,
Sb-126m,Sb,51,126,m,19.15,m,1149.0,19.15 m,2,IT,0.14,Sb-126,β-,0.86,Te-126,,,,,,
Sb-127,Sb,51,127,,3.85,d,332640.0,3.85 d,2,β-,0.8232,Te-127,β-,0.1768,Te-127m,,,,,,
Sb-128,Sb,51,128,,9.01,h,32436.0,9.01 h,1,β-,1.0,Te-128,,,,,,,,,
Sb-128m,Sb,51,128,m,10.4,m,624.0,10.4 m,2,IT,0.036,Sb-128,β-,0.964,Te-128,,,,,,
Sb-129,Sb,51,129,,4.40,h,15840.000000000002,4.40 h,2,β-,0.77381,Te-129,β-,0.22619,Te-129m,,,,,,
Sb-130,Sb,51,130,,39.5,m,2370.0,39.5 m,1,β-,1.0,Te-130,,,,,,,,,
Sb-130m,Sb,51,130,m,6.3,m,378.0,6.3 m,1,β-,1.0,Te-130,,,,,,,,,
Sb-131,Sb,51,131,,23.03,m,1381.8000000000002,23.03 m,2,β-,0.91793,Te-131,β-,0.082067,Te-131m,,,,,,
Sb-133,Sb,51,133,,2.5,m,150.0,2.5 m,2,β-,0.82662,Te-133,β-,0.17338,Te-133m,,,,,,
Sc-42m,Sc,21,42,m,62.0,s,62.0,62.0 s,1,β+ & EC,1.0,Ca-42,,,,,,,,,
Sc-43,Sc,21,43,,3.891,h,14007.6,3.891 h,1,β+ & EC,1.0,Ca-43,,,,,,,,,
Sc-44,Sc,21,44,,3.97,h,14292.0,3.97 h,1,β+ & EC,1.0,Ca-44,,,,,,,,,
Sc-44m,Sc,21,44,m,58.61,h,210996.0,58.61 h,2,IT,0.988,Sc-44,EC,0.012,Ca-44,,,,,,
Sc-46,Sc,21,46,,83.79,d,7239456.000000001,83.79 d,1,β-,1.0,Ti-46,,,,,,,,,
Sc-47,Sc,21,47,,3.3492,d,289370.88,3.3492 d,1,β-,1.0,Ti-47,,,,,,,,,
Sc-48,Sc,21,48,,43.67,h,157212.0,43.67 h,1,β-,1.0,Ti-48,,,,,,,,,
Sc-49,Sc,21,49,,57.2,m,3432.0,57.2 m,1,β-,1.0,Ti-49,,,,,,,,,
Sc-50,Sc,21,50,,102.5,s,102.5,102.5 s,1,β-,1.0,Ti-50,,,,,,,,,
Se-70,Se,34,70,,41.1,m,2466.0,41.1 m,1,β+ & EC,1.0,As-70,,,,,,,,,
Se-71,Se,34,71,,4.74,m,284.40000000000003,4.74 m,1,β+ & EC,1.0,As-71,,,,,,,,,
Se-72,Se,34,72,,8.40,d,725760.0,8.40 d,1,EC,1.0,As-72,,,,,,,,,
Se-73,Se,34,73,,7.15,h,25740.0,7.15 h,1,β+ & EC,1.0,As-73,,,,,,,,,
Se-73m,Se,34,73,m,39.8,m,2388.0,39.8 m,2,IT,0.726,Se-73,β+ & EC,0.274,As-73,,,,,,
Se-75,Se,34,75,,119.779,d,10348905.6,119.779 d,1,EC,1.0,As-75,,,,,,,,,
Se-77m,Se,34,77,m,17.36,s,17.36,17.36 s,1,IT,1.0,Se-77,,,,,,,,,
Se-79,Se,34,79,,2.95E+5,y,9309293193600.0,0.295 My,1,β-,1.0,Br-79,,,,,,,,,
Se-79m,Se,34,79,m,3.92,m,235.2,3.92 m,2,IT,0.99944,Se-79,β-,0.00056,Br-79,,,,,,
Se-81,Se,34,81,,18.45,m,1107.0,18.45 m,1,β-,1.0,Br-81,,,,,,,,,
Se-81m,Se,34,81,m,57.28,m,3436.8,57.28 m,2,IT,0.99948,Se-81,β-,0.00052,Br-81,,,,,,
Se-83,Se,34,83,,22.3,m,1338.0,22.3 m,1,β-,1.0,Br-83,,,,,,,,,
Se-83m,Se,34,83,m,70.1,s,70.1,70.1 s,1,β-,1.0,Br-83,,,,,,,,,
Se-84,Se,34,84,,3.1,m,186.0,3.1 m,1,β-,1.0,Br-84,,,,,,,,,
Si-31,Si,14,31,,157.3,m,9438.0,157.3 m,1,β-,1.0,P-31,,,,,,,,,
Si-32,Si,14,32,,132,y,4165514242.5600004,132 y,1,β-,1.0,P-32,,,,,,,,,
Sm-139,Sm,62,139,,2.57,m,154.2,2.57 m,1,β+ & EC,1.0,Pm-139,,,,,,,,,
Sm-140,Sm,62,140,,14.82,m,889.2,14.82 m,1,β+ & EC,1.0,Pm-140,,,,,,,,,
Sm-141,Sm,62,141,,10.2,m,612.0,10.2 m,1,β+ & EC,1.0,Pm-141,,,,,,,,,
Sm-141m,Sm,62,141,m,22.6,m,1356.0,22.6 m,2,β+ & EC,0.9969,Pm-141,IT,0.0031,Sm-141,,,,,,
Sm-142,Sm,62,142,,72.49,m,4349.4,72.49 m,1,β+ & EC,1.0,Pm-142,,,,,,,,,
Sm-143,Sm,62,143,,8.75,m,525.0,8.75 m,1,β+ & EC,1.0,Pm-143,,,,,,,,,
Sm-143m,Sm,62,143,m,66,s,66.0,66 s,2,IT,0.9976,Sm-143,β+ & EC,0.0024,Pm-143,,,,,,
Sm-145,Sm,62,145,,340,d,29376000.0,340 d,1,EC,1.0,Pm-145,,,,,,,,,
Sm-146,Sm,62,146,,1.03E+8,y,3250363386240000.0,0.103 By,1,α,1.0,Nd-142,,,,,,,,,
Sm-147,Sm,62,147,,1.060E11,y,3.34503416448e+18,0.1060 Ty,1,α,1.0,Nd-143,,,,,,,,,
Sm-148,Sm,62,148,,7E+15,y,2.2089848256e+23,7 Py,1,α,1.0,Nd-144,,,,,,,,,
Sm-151,Sm,62,151,,90,y,2840123347.2000003,90 y,1,β-,1.0,Eu-151,,,,,,,,,
Sm-153,Sm,62,153,,46.50,h,167400.0,46.50 h,1,β-,1.0,Eu-153,,,,,,,,,
Sm-155,Sm,62,155,,22.3,m,1338.0,22.3 m,1,β-,1.0,Eu-155,,,,,,,,,
Sm-156,Sm,62,156,,9.4,h,33840.0,9.4 h,1,β-,1.0,Eu-156,,,,,,,,,
Sm-157,Sm,62,157,,8.03,m,481.79999999999995,8.03 m,1,β-,1.0,Eu-157,,,,,,,,,
Sn-106,Sn,50,106,,1.92,m,115.19999999999999,1.92 m,1,β+ & EC,1.0,In-106m,,,,,,,,,
Sn-108,Sn,50,108,,10.30,m,618.0,10.30 m,1,β+ & EC,1.0,In-108m,,,,,,,,,
Sn-109,Sn,50,109,,18.0,m,1080.0,18.0 m,2,β+ & EC,0.71734,In-109,β+ & EC,0.28266,In-109m,,,,,,
Sn-110,Sn,50,110,,4.11,h,14796.000000000002,4.11 h,1,EC,1.0,In-110m,,,,,,,,,
Sn-111,Sn,50,111,,35.3,m,2118.0,35.3 m,2,β+ & EC,0.99793,In-111,β+ & EC,0.0020745,In-111m,,,,,,
Sn-113,Sn,50,113,,115.09,d,9943776.0,115.09 d,2,EC,0.99998,In-113m,EC,2.2352e-05,In-113,,,,,,
Sn-113m,Sn,50,113,m,21.4,m,1284.0,21.4 m,2,IT,0.911,Sn-113,EC,0.089,In-113,,,,,,
Sn-117m,Sn,50,117,m,13.76,d,1188864.0,13.76 d,1,IT,1.0,Sn-117,,,,,,,,,
Sn-119m,Sn,50,119,m,293.1,d,25323840.000000004,293.1 d,1,IT,1.0,Sn-119,,,,,,,,,
Sn-121,Sn,50,121,,27.03,h,97308.0,27.03 h,1,β-,1.0,Sb-121,,,,,,,,,
Sn-121m,Sn,50,121,m,43.9,y,1385349054.912,43.9 y,2,IT,0.776,Sn-121,β-,0.224,Sb-121,,,,,,
Sn-123,Sn,50,123,,129.2,d,11162879.999999998,129.2 d,1,β-,1.0,Sb-123,,,,,,,,,
Sn-123m,Sn,50,123,m,40.06,m,2403.6000000000004,40.06 m,1,β-,1.0,Sb-123,,,,,,,,,
Sn-125,Sn,50,125,,9.64,d,832896.0,9.64 d,1,β-,1.0,Sb-125,,,,,,,,,
Sn-125m,Sn,50,125,m,9.52,m,571.1999999999999,9.52 m,1,β-,1.0,Sb-125,,,,,,,,,
Sn-126,Sn,50,126,,2.30E+5,y,7258092998400.0,0.230 My,1,β-,1.0,Sb-126m,,,,,,,,,
Sn-127,Sn,50,127,,2.10,h,7560.0,2.10 h,1,β-,1.0,Sb-127,,,,,,,,,
Sn-127m,Sn,50,127,m,4.13,m,247.79999999999998,4.13 m,1,β-,1.0,Sb-127,,,,,,,,,
Sn-128,Sn,50,128,,59.07,m,3544.2,59.07 m,1,β-,1.0,Sb-128m,,,,,,,,,
Sn-129,Sn,50,129,,2.23,m,133.8,2.23 m,1,β-,1.0,Sb-129,,,,,,,,,
Sn-130,Sn,50,130,,3.72,m,223.20000000000002,3.72 m,1,β-,1.0,Sb-130m,,,,,,,,,
Sn-130m,Sn,50,130,m,1.7,m,102.0,1.7 m,2,β-,0.86005,Sb-130,β-,0.13995,Sb-130m,,,,,,
Sr-79,Sr,38,79,,2.25,m,135.0,2.25 m,1,β+ & EC,1.0,Rb-79,,,,,,,,,
Sr-80,Sr,38,80,,106.3,m,6378.0,106.3 m,1,β+ & EC,1.0,Rb-80,,,,,,,,,
Sr-81,Sr,38,81,,22.3,m,1338.0,22.3 m,2,β+ & EC,0.99856,Rb-81,β+ & EC,0.0014422,Rb-81m,,,,,,
Sr-82,Sr,38,82,,25.36,d,2191104.0,25.36 d,1,EC,1.0,Rb-82,,,,,,,,,
Sr-83,Sr,38,83,,32.41,h,116675.99999999999,32.41 h,1,β+ & EC,1.0,Rb-83,,,,,,,,,
Sr-85,Sr,38,85,,64.84,d,5602176.0,64.84 d,1,EC,1.0,Rb-85,,,,,,,,,
Sr-85m,Sr,38,85,m,67.63,m,4057.7999999999997,67.63 m,2,IT,0.866,Sr-85,β+ & EC,0.134,Rb-85,,,,,,
Sr-87m,Sr,38,87,m,2.815,h,10134.0,2.815 h,2,EC,0.003,Rb-87,IT,0.997,Sr-87,,,,,,
Sr-89,Sr,38,89,,50.53,d,4365792.0,50.53 d,1,β-,1.0,Y-89,,,,,,,,,
Sr-90,Sr,38,90,,28.79,y,908523901.8432001,28.79 y,1,β-,1.0,Y-90,,,,,,,,,
Sr-91,Sr,38,91,,9.63,h,34668.0,9.63 h,2,β-,0.58247,Y-91m,β-,0.41753,Y-91,,,,,,
Sr-92,Sr,38,92,,2.66,h,9576.0,2.66 h,1,β-,1.0,Y-92,,,,,,,,,
Sr-93,Sr,38,93,,7.423,m,445.38,7.423 m,1,β-,1.0,Y-93,,,,,,,,,
Sr-94,Sr,38,94,,75.3,s,75.3,75.3 s,1,β-,1.0,Y-94,,,,,,,,,
Ta-170,Ta,73,170,,6.76,m,405.59999999999997,6.76 m,1,β+ & EC,1.0,Hf-170,,,,,,,,,
Ta-172,Ta,73,172,,36.8,m,2208.0,36.8 m,1,β+ & EC,1.0,Hf-172,,,,,,,,,
Ta-173,Ta,73,173,,3.14,h,11304.0,3.14 h,1,β+ & EC,1.0,Hf-173,,,,,,,,,
Ta-174,Ta,73,174,,1.14,h,4104.0,1.14 h,1,β+ & EC,1.0,Hf-174,,,,,,,,,
Ta-175,Ta,73,175,,10.5,h,37800.0,10.5 h,1,β+ & EC,1.0,Hf-175,,,,,,,,,
Ta-176,Ta,73,176,,8.09,h,29124.0,8.09 h,1,β+ & EC,1.0,Hf-176,,,,,,,,,
Ta-177,Ta,73,177,,56.56,h,203616.0,56.56 h,1,EC,1.0,Hf-177,,,,,,,,,
Ta-178,Ta,73,178,,9.31,m,558.6,9.31 m,1,β+ & EC,1.0,Hf-178,,,,,,,,,
Ta-178m,Ta,73,178,m,2.36,h,8496.0,2.36 h,1,EC,1.0,Hf-178,,,,,,,,,
Ta-179,Ta,73,179,,1.82,y,57433605.46560001,1.82 y,1,EC,1.0,Hf-179,,,,,,,,,
Ta-180,Ta,73,180,,8.152,h,29347.199999999997,8.152 h,2,EC,0.86,Hf-180,β-,0.14,W-180,,,,,,
Ta-182,Ta,73,182,,114.43,d,9886752.0,114.43 d,1,β-,1.0,W-182,,,,,,,,,
Ta-182m,Ta,73,182,m,15.84,m,950.4,15.84 m,1,IT,1.0,Ta-182,,,,,,,,,
Ta-183,Ta,73,183,,5.1,d,440639.99999999994,5.1 d,1,β-,1.0,W-183,,,,,,,,,
Ta-184,Ta,73,184,,8.7,h,31319.999999999996,8.7 h,1,β-,1.0,W-184,,,,,,,,,
Ta-185,Ta,73,185,,49.4,m,2964.0,49.4 m,1,β-,1.0,W-185,,,,,,,,,
Ta-186,Ta,73,186,,10.5,m,630.0,10.5 m,1,β-,1.0,W-186,,,,,,,,,
Tb-146,Tb,65,146,,23,s,23.0,23 s,1,β+ & EC,1.0,Gd-146,,,,,,,,,
Tb-147,Tb,65,147,,1.64,h,5904.0,1.64 h,1,β+ & EC,1.0,Gd-147,,,,,,,,,
Tb-147m,Tb,65,147,m,1.87,m,112.2,1.87 m,1,β+ & EC,1.0,Gd-147,,,,,,,,,
Tb-148,Tb,65,148,,60,m,3600.0,60 m,1,β+ & EC,1.0,Gd-148,,,,,,,,,
Tb-148m,Tb,65,148,m,2.20,m,132.0,2.20 m,1,β+ & EC,1.0,Gd-148,,,,,,,,,
Tb-149,Tb,65,149,,4.118,h,14824.800000000001,4.118 h,2,β+ & EC,0.833,Gd-149,α,0.167,Eu-145,,,,,,
Tb-149m,Tb,65,149,m,4.16,m,249.60000000000002,4.16 m,2,β+ & EC,0.99978,Gd-149,α,0.00022,Eu-145,,,,,,
Tb-150,Tb,65,150,,3.48,h,12528.0,3.48 h,2,β+ & EC,1.0,Gd-150,α,7e-06,Eu-146,,,,,,
Tb-150m,Tb,65,150,m,5.8,m,348.0,5.8 m,1,β+ & EC,1.0,Gd-150,,,,,,,,,
Tb-151,Tb,65,151,,17.609,h,63392.40000000001,17.609 h,2,β+ & EC,1.0,Gd-151,α,9.5e-05,Eu-147,,,,,,
Tb-151m,Tb,65,151,m,25,s,25.0,25 s,2,IT,0.934,Tb-151,β+ & EC,0.066,Gd-151,,,,,,
Tb-152,Tb,65,152,,17.5,h,63000.0,17.5 h,1,β+ & EC,1.0,Gd-152,,,,,,,,,
Tb-152m,Tb,65,152,m,4.2,m,252.0,4.2 m,2,IT,0.788,Tb-152,β+ & EC,0.212,Gd-152,,,,,,
Tb-153,Tb,65,153,,2.34,d,202176.0,2.34 d,1,β+ & EC,1.0,Gd-153,,,,,,,,,
Tb-154,Tb,65,154,,21.5,h,77400.0,21.5 h,1,β+ & EC,1.0,Gd-154,,,,,,,,,
Tb-155,Tb,65,155,,5.32,d,459648.0,5.32 d,1,EC,1.0,Gd-155,,,,,,,,,
Tb-156,Tb,65,156,,5.35,d,462239.99999999994,5.35 d,1,EC,1.0,Gd-156,,,,,,,,,
Tb-156m,Tb,65,156,m,24.4,h,87840.0,24.4 h,1,IT,1.0,Tb-156,,,,,,,,,
Tb-156n,Tb,65,156,n,5.3,h,19080.0,5.3 h,1,IT,1.0,Tb-156,,,,,,,,,
Tb-157,Tb,65,157,,71,y,2240541751.6800003,71 y,1,EC,1.0,Gd-157,,,,,,,,,
Tb-158,Tb,65,158,,180,y,5680246694.400001,180 y,2,EC,0.834,Gd-158,β-,0.166,Dy-158,,,,,,
Tb-160,Tb,65,160,,72.3,d,6246720.0,72.3 d,1,β-,1.0,Dy-160,,,,,,,,,
Tb-161,Tb,65,161,,6.906,d,596678.4,6.906 d,1,β-,1.0,Dy-161,,,,,,,,,
Tb-162,Tb,65,162,,7.60,m,456.0,7.60 m,1,β-,1.0,Dy-162,,,,,,,,,
Tb-163,Tb,65,163,,19.5,m,1170.0,19.5 m,1,β-,1.0,Dy-163,,,,,,,,,
Tb-164,Tb,65,164,,3.0,m,180.0,3.0 m,1,β-,1.0,Dy-164,,,,,,,,,
Tb-165,Tb,65,165,,2.11,m,126.6,2.11 m,2,β-,0.89028,Dy-165m,β-,0.10972,Dy-165,,,,,,
Tc-101,Tc,43,101,,14.2,m,852.0,14.2 m,1,β-,1.0,Ru-101,,,,,,,,,
Tc-102,Tc,43,102,,5.28,s,5.28,5.28 s,1,β-,1.0,Ru-102,,,,,,,,,
Tc-102m,Tc,43,102,m,4.35,m,261.0,4.35 m,2,IT,0.02,Tc-102,β-,0.98,Ru-102,,,,,,
Tc-104,Tc,43,104,,18.3,m,1098.0,18.3 m,1,β-,1.0,Ru-104,,,,,,,,,
Tc-105,Tc,43,105,,7.6,m,456.0,7.6 m,1,β-,1.0,Ru-105,,,,,,,,,
Tc-91,Tc,43,91,,3.14,m,188.4,3.14 m,2,β+ & EC,0.99302,Mo-91,β+ & EC,0.0069789,Mo-91m,,,,,,
Tc-91m,Tc,43,91,m,3.3,m,198.0,3.3 m,2,β+ & EC,0.97976,Mo-91m,β+ & EC,0.020245,Mo-91,,,,,,
Tc-92,Tc,43,92,,4.25,m,255.0,4.25 m,1,β+ & EC,1.0,Mo-92,,,,,,,,,
Tc-93,Tc,43,93,,2.75,h,9900.0,2.75 h,1,β+ & EC,1.0,Mo-93,,,,,,,,,
Tc-93m,Tc,43,93,m,43.5,m,2610.0,43.5 m,2,IT,0.766,Tc-93,β+ & EC,0.234,Mo-93,,,,,,
Tc-94,Tc,43,94,,293,m,17580.0,293 m,1,β+ & EC,1.0,Mo-94,,,,,,,,,
Tc-94m,Tc,43,94,m,52.0,m,3120.0,52.0 m,1,β+ & EC,1.0,Mo-94,,,,,,,,,
Tc-95,Tc,43,95,,20.0,h,72000.0,20.0 h,1,EC,1.0,Mo-95,,,,,,,,,
Tc-95m,Tc,43,95,m,61,d,5270400.0,61 d,2,IT,0.0388,Tc-95,β+ & EC,0.9612,Mo-95,,,,,,
Tc-96,Tc,43,96,,4.28,d,369792.0,4.28 d,1,EC,1.0,Mo-96,,,,,,,,,
Tc-96m,Tc,43,96,m,51.5,m,3090.0,51.5 m,2,IT,0.98,Tc-96,β+ & EC,0.02,Mo-96,,,,,,
Tc-97,Tc,43,97,,2.6E+6,y,82048007808000.0,2.6 My,1,EC,1.0,Mo-97,,,,,,,,,
Tc-97m,Tc,43,97,m,90.1,d,7784639.999999999,90.1 d,1,IT,1.0,Tc-97,,,,,,,,,
Tc-98,Tc,43,98,,4.2E+6,y,132539089536000.02,4.2 My,1,β-,1.0,Ru-98,,,,,,,,,
Tc-99,Tc,43,99,,2.111E+5,y,6661667095488.0,0.2111 My,1,β-,1.0,Ru-99,,,,,,,,,
Tc-99m,Tc,43,99,m,6.015,h,21654.0,6.015 h,2,IT,0.99996,Tc-99,β-,3.7e-05,Ru-99,,,,,,
Te-113,Te,52,113,,1.7,m,102.0,1.7 m,1,β+ & EC,1.0,Sb-113,,,,,,,,,
Te-114,Te,52,114,,15.2,m,912.0,15.2 m,1,β+ & EC,1.0,Sb-114,,,,,,,,,
Te-115,Te,52,115,,5.8,m,348.0,5.8 m,1,β+ & EC,1.0,Sb-115,,,,,,,,,
Te-115m,Te,52,115,m,6.7,m,402.0,6.7 m,1,β+ & EC,1.0,Sb-115,,,,,,,,,
Te-116,Te,52,116,,2.49,h,8964.0,2.49 h,1,β+ & EC,1.0,Sb-116,,,,,,,,,
Te-117,Te,52,117,,62,m,3720.0,62 m,1,β+ & EC,1.0,Sb-117,,,,,,,,,
Te-118,Te,52,118,,6.00,d,518400.0,6.00 d,1,EC,1.0,Sb-118,,,,,,,,,
Te-119,Te,52,119,,16.05,h,57780.0,16.05 h,1,β+ & EC,1.0,Sb-119,,,,,,,,,
Te-119m,Te,52,119,m,4.70,d,406080.0,4.70 d,1,β+ & EC,1.0,Sb-119,,,,,,,,,
Te-121,Te,52,121,,19.16,d,1655424.0,19.16 d,1,EC,1.0,Sb-121,,,,,,,,,
Te-121m,Te,52,121,m,154,d,13305600.0,154 d,2,IT,0.886,Te-121,EC,0.114,Sb-121,,,,,,
Te-123,Te,52,123,,6.00E+14,y,1.8934155648000003e+22,0.600 Py,1,EC,1.0,Sb-123,,,,,,,,,
Te-123m,Te,52,123,m,119.25,d,10303200.0,119.25 d,1,IT,1.0,Te-123,,,,,,,,,
Te-125m,Te,52,125,m,57.40,d,4959360.0,57.40 d,1,IT,1.0,Te-125,,,,,,,,,
Te-127,Te,52,127,,9.35,h,33660.0,9.35 h,1,β-,1.0,I-127,,,,,,,,,
Te-127m,Te,52,127,m,109,d,9417600.0,109 d,2,IT,0.976,Te-127,β-,0.024,I-127,,,,,,
Te-129,Te,52,129,,69.6,m,4176.0,69.6 m,1,β-,1.0,I-129,,,,,,,,,
Te-129m,Te,52,129,m,33.6,d,2903040.0,33.6 d,2,IT,0.63,Te-129,β-,0.37,I-129,,,,,,
Te-131,Te,52,131,,25.0,m,1500.0,25.0 m,1,β-,1.0,I-131,,,,,,,,,
Te-131m,Te,52,131,m,30,h,108000.0,30 h,2,β-,0.778,I-131,IT,0.222,Te-131,,,,,,
Te-132,Te,52,132,,3.204,d,276825.60000000003,3.204 d,1,β-,1.0,I-132,,,,,,,,,
Te-133,Te,52,133,,12.5,m,750.0,12.5 m,1,β-,1.0,I-133,,,,,,,,,
Te-133m,Te,52,133,m,55.4,m,3324.0,55.4 m,2,β-,0.825,I-133,IT,0.175,Te-133,,,,,,
Te-134,Te,52,134,,41.8,m,2508.0,41.8 m,1,β-,1.0,I-134,,,,,,,,,
Th-223,Th,90,223,,0.60,s,0.6,0.60 s,1,α,1.0,Ra-219,,,,,,,,,
Th-224,Th,90,224,,1.05,s,1.05,1.05 s,1,α,1.0,Ra-220,,,,,,,,,
Th-226,Th,90,226,,30.57,m,1834.2,30.57 m,1,α,1.0,Ra-222,,,,,,,,,
Th-227,Th,90,227,,18.68,d,1613952.0,18.68 d,1,α,1.0,Ra-223,,,,,,,,,
Th-228,Th,90,228,,1.9116,y,60324219.894528,1.9116 y,1,α,1.0,Ra-224,,,,,,,,,
Th-229,Th,90,229,,7.34E+3,y,231627837427.2,7.34 ky,1,α,1.0,Ra-225,,,,,,,,,
Th-230,Th,90,230,,7.538E+4,y,2378761087910.4,75.38 ky,1,α,1.0,Ra-226,,,,,,,,,
Th-231,Th,90,231,,25.52,h,91872.0,25.52 h,1,β-,1.0,Pa-231,,,,,,,,,
Th-232,Th,90,232,,1.405E10,y,4.43374811424e+17,14.05 By,1,α,1.0,Ra-228,,,,,,,,,
Th-233,Th,90,233,,22.3,m,1338.0,22.3 m,1,β-,1.0,Pa-233,,,,,,,,,
Th-234,Th,90,234,,24.10,d,2082240.0000000002,24.10 d,1,β-,1.0,Pa-234m,,,,,,,,,
Th-235,Th,90,235,,7.1,m,426.0,7.1 m,1,β-,1.0,Pa-235,,,,,,,,,
Th-236,Th,90,236,,37.5,m,2250.0,37.5 m,1,β-,1.0,Pa-236,,,,,,,,,
Ti-44,Ti,22,44,,60.0,y,1893415564.8000002,60.0 y,1,EC,1.0,Sc-44,,,,,,,,,
Ti-45,Ti,22,45,,184.8,m,11088.0,184.8 m,1,β+ & EC,1.0,Sc-45,,,,,,,,,
Ti-51,Ti,22,51,,5.76,m,345.59999999999997,5.76 m,1,β-,1.0,V-51,,,,,,,,,
Ti-52,Ti,22,52,,1.7,m,102.0,1.7 m,1,β-,1.0,V-52,,,,,,,,,
Tl-190,Tl,81,190,,2.6,m,156.0,2.6 m,1,β+ & EC,1.0,Hg-190,,,,,,,,,
Tl-190m,Tl,81,190,m,3.7,m,222.0,3.7 m,1,β+ & EC,1.0,Hg-190,,,,,,,,,
Tl-194,Tl,81,194,,33.0,m,1980.0,33.0 m,1,β+ & EC,1.0,Hg-194,,,,,,,,,
Tl-194m,Tl,81,194,m,32.8,m,1967.9999999999998,32.8 m,1,β+ & EC,1.0,Hg-194,,,,,,,,,
Tl-195,Tl,81,195,,1.16,h,4176.0,1.16 h,2,β+ & EC,0.99656,Hg-195,β+ & EC,0.0034358,Hg-195m,,,,,,
Tl-196,Tl,81,196,,1.84,h,6624.0,1.84 h,1,β+ & EC,1.0,Hg-196,,,,,,,,,
Tl-197,Tl,81,197,,2.84,h,10224.0,2.84 h,1,β+ & EC,1.0,Hg-197,,,,,,,,,
Tl-198,Tl,81,198,,5.3,h,19080.0,5.3 h,1,β+ & EC,1.0,Hg-198,,,,,,,,,
Tl-198m,Tl,81,198,m,1.87,h,6732.0,1.87 h,2,IT,0.46,Tl-198,β+ & EC,0.54,Hg-198,,,,,,
Tl-199,Tl,81,199,,7.42,h,26712.0,7.42 h,1,β+ & EC,1.0,Hg-199,,,,,,,,,
Tl-200,Tl,81,200,,26.1,h,93960.0,26.1 h,1,β+ & EC,1.0,Hg-200,,,,,,,,,
Tl-201,Tl,81,201,,72.912,h,262483.2,72.912 h,1,EC,1.0,Hg-201,,,,,,,,,
Tl-202,Tl,81,202,,12.23,d,1056672.0,12.23 d,1,EC,1.0,Hg-202,,,,,,,,,
Tl-204,Tl,81,204,,3.78,y,119285180.5824,3.78 y,2,β-,0.971,Pb-204,EC,0.029,Hg-204,,,,,,
Tl-206,Tl,81,206,,4.200,m,252.0,4.200 m,1,β-,1.0,Pb-206,,,,,,,,,
Tl-206m,Tl,81,206,m,3.74,m,224.4,3.74 m,1,IT,1.0,Tl-206,,,,,,,,,
Tl-207,Tl,81,207,,4.77,m,286.2,4.77 m,1,β-,1.0,Pb-207,,,,,,,,,
Tl-208,Tl,81,208,,3.053,m,183.18,3.053 m,1,β-,1.0,Pb-208,,,,,,,,,
Tl-209,Tl,81,209,,2.161,m,129.66,2.161 m,1,β-,1.0,Pb-209,,,,,,,,,
Tl-210,Tl,81,210,,1.30,m,78.0,1.30 m,1,β-,1.0,Pb-210,,,,,,,,,
Tm-161,Tm,69,161,,30.2,m,1812.0,30.2 m,1,β+ & EC,1.0,Er-161,,,,,,,,,
Tm-162,Tm,69,162,,21.70,m,1302.0,21.70 m,1,β+ & EC,1.0,Er-162,,,,,,,,,
Tm-163,Tm,69,163,,1.810,h,6516.0,1.810 h,1,β+ & EC,1.0,Er-163,,,,,,,,,
Tm-164,Tm,69,164,,2.0,m,120.0,2.0 m,1,β+ & EC,1.0,Er-164,,,,,,,,,
Tm-165,Tm,69,165,,30.06,h,108216.0,30.06 h,1,β+ & EC,1.0,Er-165,,,,,,,,,
Tm-166,Tm,69,166,,7.70,h,27720.0,7.70 h,1,β+ & EC,1.0,Er-166,,,,,,,,,
Tm-167,Tm,69,167,,9.25,d,799200.0,9.25 d,1,EC,1.0,Er-167,,,,,,,,,
Tm-168,Tm,69,168,,93.1,d,8043839.999999999,93.1 d,2,β+ & EC,0.9999,Er-168,β-,0.0001,Yb-168,,,,,,
Tm-170,Tm,69,170,,128.6,d,11111040.0,128.6 d,2,β-,0.99869,Yb-170,EC,0.00131,Er-170,,,,,,
Tm-171,Tm,69,171,,1.92,y,60589298.0736,1.92 y,1,β-,1.0,Yb-171,,,,,,,,,
Tm-172,Tm,69,172,,63.6,h,228960.0,63.6 h,1,β-,1.0,Yb-172,,,,,,,,,
Tm-173,Tm,69,173,,8.24,h,29664.0,8.24 h,1,β-,1.0,Yb-173,,,,,,,,,
Tm-174,Tm,69,174,,5.4,m,324.0,5.4 m,1,β-,1.0,Yb-174,,,,,,,,,
Tm-175,Tm,69,175,,15.2,m,912.0,15.2 m,1,β-,1.0,Yb-175,,,,,,,,,
Tm-176,Tm,69,176,,1.85,m,111.0,1.85 m,1,β-,1.0,Yb-176,,,,,,,,,
U-227,U,92,227,,1.1,m,66.0,1.1 m,1,α,1.0,Th-223,,,,,,,,,
U-228,U,92,228,,9.1,m,546.0,9.1 m,1,α,0.975,Th-224,,,,,,,,,
U-230,U,92,230,,20.8,d,1797120.0,20.8 d,1,α,1.0,Th-226,,,,,,,,,
U-231,U,92,231,,4.2,d,362880.0,4.2 d,2,EC,1.0,Pa-231,α,4e-05,Th-227,,,,,,
U-232,U,92,232,,68.9,y,2174272206.912,68.9 y,1,α,1.0,Th-228,,,,,,,,,
U-233,U,92,233,,1.592E+5,y,5023862631936.0,0.1592 My,1,α,1.0,Th-229,,,,,,,,,
U-234,U,92,234,,2.455E+5,y,7747225352640.0,0.2455 My,1,α,1.0,Th-230,,,,,,,,,
U-235,U,92,235,,7.04E+8,y,2.221607596032e+16,0.704 By,1,α,1.0,Th-231,,,,,,,,,
U-235m,U,92,235,m,26,m,1560.0,26 m,1,IT,1.0,U-235,,,,,,,,,
U-236,U,92,236,,2.342E+7,y,739063208793600.0,23.42 My,1,α,1.0,Th-232,,,,,,,,,
U-237,U,92,237,,6.75,d,583200.0,6.75 d,1,β-,1.0,Np-237,,,,,,,,,
U-238,U,92,238,,4.468E+9,y,1.4099634572544002e+17,4.468 By,2,α,1.0,Th-234,SF,5.45e-07,SF,,,,,,
U-239,U,92,239,,23.45,m,1407.0,23.45 m,1,β-,1.0,Np-239,,,,,,,,,
U-240,U,92,240,,14.1,h,50760.0,14.1 h,1,β-,1.0,Np-240m,,,,,,,,,
U-242,U,92,242,,16.8,m,1008.0,16.8 m,1,β-,1.0,Np-242,,,,,,,,,
V-47,V,23,47,,32.6,m,1956.0,32.6 m,1,β+ & EC,1.0,Ti-47,,,,,,,,,
V-48,V,23,48,,15.9735,d,1380110.4,15.9735 d,1,β+ & EC,1.0,Ti-48,,,,,,,,,
V-49,V,23,49,,330,d,28512000.0,330 d,1,EC,1.0,Ti-49,,,,,,,,,
V-50,V,23,50,,1.50E+17,y,4.7335389120000005e+24,150 Py,2,EC,0.83,Ti-50,β-,0.17,Cr-50,,,,,,
V-52,V,23,52,,3.743,m,224.57999999999998,3.743 m,1,β-,1.0,Cr-52,,,,,,,,,
V-53,V,23,53,,1.61,m,96.60000000000001,1.61 m,1,β-,1.0,Cr-53,,,,,,,,,
W-177,W,74,177,,132,m,7920.0,132 m,1,β+ & EC,1.0,Ta-177,,,,,,,,,
W-178,W,74,178,,21.6,d,1866240.0000000002,21.6 d,1,EC,1.0,Ta-178,,,,,,,,,
W-179,W,74,179,,37.05,m,2223.0,37.05 m,1,EC,1.0,Ta-179,,,,,,,,,
W-179m,W,74,179,m,6.40,m,384.0,6.40 m,2,IT,0.9972,W-179,EC,0.0028,Ta-179,,,,,,
W-181,W,74,181,,121.2,d,10471680.0,121.2 d,1,EC,1.0,Ta-181,,,,,,,,,
W-185,W,74,185,,75.1,d,6488639.999999999,75.1 d,1,β-,1.0,Re-185,,,,,,,,,
W-185m,W,74,185,m,1.597,m,95.82,1.597 m,1,IT,1.0,W-185,,,,,,,,,
W-187,W,74,187,,23.72,h,85392.0,23.72 h,1,β-,1.0,Re-187,,,,,,,,,
W-188,W,74,188,,69.78,d,6028992.0,69.78 d,1,β-,1.0,Re-188,,,,,,,,,
W-190,W,74,190,,30.0,m,1800.0,30.0 m,1,β-,1.0,Re-190,,,,,,,,,
Xe-120,Xe,54,120,,40,m,2400.0,40 m,1,β+ & EC,1.0,I-120,,,,,,,,,
Xe-121,Xe,54,121,,40.1,m,2406.0,40.1 m,1,β+ & EC,1.0,I-121,,,,,,,,,
Xe-122,Xe,54,122,,20.1,h,72360.0,20.1 h,1,EC,1.0,I-122,,,,,,,,,
Xe-123,Xe,54,123,,2.08,h,7488.0,2.08 h,1,β+ & EC,1.0,I-123,,,,,,,,,
Xe-125,Xe,54,125,,16.9,h,60839.99999999999,16.9 h,1,β+ & EC,1.0,I-125,,,,,,,,,
Xe-127,Xe,54,127,,36.4,d,3144960.0,36.4 d,1,EC,1.0,I-127,,,,,,,,,
Xe-127m,Xe,54,127,m,69.2,s,69.2,69.2 s,1,IT,1.0,Xe-127,,,,,,,,,
Xe-129m,Xe,54,129,m,8.88,d,767232.0000000001,8.88 d,1,IT,1.0,Xe-129,,,,,,,,,
Xe-131m,Xe,54,131,m,11.84,d,1022976.0,11.84 d,1,IT,1.0,Xe-131,,,,,,,,,
Xe-133,Xe,54,133,,5.243,d,452995.2,5.243 d,1,β-,1.0,Cs-133,,,,,,,,,
Xe-133m,Xe,54,133,m,2.19,d,189216.0,2.19 d,1,IT,1.0,Xe-133,,,,,,,,,
Xe-135,Xe,54,135,,9.14,h,32904.0,9.14 h,1,β-,1.0,Cs-135,,,,,,,,,
Xe-135m,Xe,54,135,m,15.29,m,917.4,15.29 m,2,IT,0.994,Xe-135,β-,0.006,Cs-135,,,,,,
Xe-137,Xe,54,137,,3.818,m,229.08,3.818 m,1,β-,1.0,Cs-137,,,,,,,,,
Xe-138,Xe,54,138,,14.08,m,844.8,14.08 m,1,β-,1.0,Cs-138,,,,,,,,,
Y-81,Y,39,81,,70.4,s,70.4,70.4 s,1,β+ & EC,1.0,Sr-81,,,,,,,,,
Y-83,Y,39,83,,7.08,m,424.8,7.08 m,1,β+ & EC,1.0,Sr-83,,,,,,,,,
Y-83m,Y,39,83,m,2.85,m,171.0,2.85 m,2,β+ & EC,0.6,Sr-83,IT,0.4,Y-83,,,,,,
Y-84m,Y,39,84,m,39.5,m,2370.0,39.5 m,1,β+ & EC,1.0,Sr-84,,,,,,,,,
Y-85,Y,39,85,,2.68,h,9648.0,2.68 h,1,β+ & EC,1.0,Sr-85m,,,,,,,,,
Y-85m,Y,39,85,m,4.86,h,17496.0,4.86 h,2,β+ & EC,0.96,Sr-85,β+ & EC,0.039998,Sr-85m,,,,,,
Y-86,Y,39,86,,14.74,h,53064.0,14.74 h,1,β+ & EC,1.0,Sr-86,,,,,,,,,
Y-86m,Y,39,86,m,48,m,2880.0,48 m,2,IT,0.9931,Y-86,β+ & EC,0.0069,Sr-86,,,,,,
Y-87,Y,39,87,,79.8,h,287280.0,79.8 h,1,β+ & EC,1.0,Sr-87m,,,,,,,,,
Y-87m,Y,39,87,m,13.37,h,48132.0,13.37 h,2,IT,0.9843,Y-87,β+ & EC,0.0157,Sr-87,,,,,,
Y-88,Y,39,88,,106.65,d,9214560.0,106.65 d,1,β+ & EC,1.0,Sr-88,,,,,,,,,
Y-89m,Y,39,89,m,15.663,s,15.663,15.663 s,1,IT,1.0,Y-89,,,,,,,,,
Y-90,Y,39,90,,64.10,h,230759.99999999997,64.10 h,1,β-,1.0,Zr-90,,,,,,,,,
Y-90m,Y,39,90,m,3.19,h,11484.0,3.19 h,2,IT,0.99998,Y-90,β-,1.8e-05,Zr-90,,,,,,
Y-91,Y,39,91,,58.51,d,5055264.0,58.51 d,1,β-,1.0,Zr-91,,,,,,,,,
Y-91m,Y,39,91,m,49.71,m,2982.6,49.71 m,1,IT,1.0,Y-91,,,,,,,,,
Y-92,Y,39,92,,3.54,h,12744.0,3.54 h,1,β-,1.0,Zr-92,,,,,,,,,
Y-93,Y,39,93,,10.18,h,36648.0,10.18 h,1,β-,1.0,Zr-93,,,,,,,,,
Y-94,Y,39,94,,18.7,m,1122.0,18.7 m,1,β-,1.0,Zr-94,,,,,,,,,
Y-95,Y,39,95,,10.3,m,618.0,10.3 m,1,β-,1.0,Zr-95,,,,,,,,,
Yb-162,Yb,70,162,,18.87,m,1132.2,18.87 m,1,β+ & EC,1.0,Tm-162,,,,,,,,,
Yb-163,Yb,70,163,,11.05,m,663.0,11.05 m,1,β+ & EC,1.0,Tm-163,,,,,,,,,
Yb-164,Yb,70,164,,75.8,m,4548.0,75.8 m,1,EC,1.0,Tm-164,,,,,,,,,
Yb-165,Yb,70,165,,9.9,m,594.0,9.9 m,1,β+ & EC,1.0,Tm-165,,,,,,,,,
Yb-166,Yb,70,166,,56.7,h,204120.0,56.7 h,1,EC,1.0,Tm-166,,,,,,,,,
Yb-167,Yb,70,167,,17.5,m,1050.0,17.5 m,1,β+ & EC,1.0,Tm-167,,,,,,,,,
Yb-169,Yb,70,169,,32.026,d,2767046.4000000004,32.026 d,1,EC,1.0,Tm-169,,,,,,,,,
Yb-175,Yb,70,175,,4.185,d,361583.99999999994,4.185 d,1,β-,1.0,Lu-175,,,,,,,,,
Yb-177,Yb,70,177,,1.911,h,6879.6,1.911 h,1,β-,1.0,Lu-177,,,,,,,,,
Yb-178,Yb,70,178,,74,m,4440.0,74 m,1,β-,1.0,Lu-178,,,,,,,,,
Yb-179,Yb,70,179,,8.0,m,480.0,8.0 m,1,β-,1.0,Lu-179,,,,,,,,,
Zn-60,Zn,30,60,,2.38,m,142.79999999999998,2.38 m,1,β+ & EC,1.0,Cu-60,,,,,,,,,
Zn-61,Zn,30,61,,89.1,s,89.1,89.1 s,1,β+ & EC,1.0,Cu-61,,,,,,,,,
Zn-62,Zn,30,62,,9.186,h,33069.6,9.186 h,1,β+ & EC,1.0,Cu-62,,,,,,,,,
Zn-63,Zn,30,63,,38.47,m,2308.2,38.47 m,1,β+ & EC,1.0,Cu-63,,,,,,,,,
Zn-65,Zn,30,65,,244.06,d,21086784.0,244.06 d,1,β+ & EC,1.0,Cu-65,,,,,,,,,
Zn-69,Zn,30,69,,56.4,m,3384.0,56.4 m,1,β-,1.0,Ga-69,,,,,,,,,
Zn-69m,Zn,30,69,m,13.76,h,49536.0,13.76 h,2,IT,0.99967,Zn-69,β-,0.00033,Ga-69,,,,,,
Zn-71,Zn,30,71,,2.45,m,147.0,2.45 m,1,β-,1.0,Ga-71,,,,,,,,,
Zn-71m,Zn,30,71,m,3.96,h,14256.0,3.96 h,1,β-,1.0,Ga-71,,,,,,,,,
Zn-72,Zn,30,72,,46.5,h,167400.0,46.5 h,1,β-,1.0,Ga-72,,,,,,,,,
Zr-85,Zr,40,85,,7.86,m,471.6,7.86 m,2,β+ & EC,0.96841,Y-85m,β+ & EC,0.031588,Y-85,,,,,,
Zr-86,Zr,40,86,,16.5,h,59400.0,16.5 h,1,β+ & EC,1.0,Y-86,,,,,,,,,
Zr-87,Zr,40,87,,1.68,h,6048.0,1.68 h,2,β+ & EC,0.99704,Y-87m,β+ & EC,0.0029636,Y-87,,,,,,
Zr-88,Zr,40,88,,83.4,d,7205760.000000001,83.4 d,1,EC,1.0,Y-88,,,,,,,,,
Zr-89,Zr,40,89,,78.41,h,282276.0,78.41 h,1,β+ & EC,1.0,Y-89,,,,,,,,,
Zr-89m,Zr,40,89,m,4.161,m,249.65999999999997,4.161 m,2,IT,0.9377,Zr-89,β+ & EC,0.0623,Y-89,,,,,,
Zr-93,Zr,40,93,,1.53E+6,y,48282096902400.0,1.53 My,2,β-,0.975,Nb-93m,β-,0.025,Nb-93,,,,,,
Zr-95,Zr,40,95,,64.032,d,5532364.8,64.032 d,2,β-,0.9892,Nb-95,β-,0.010802,Nb-95m,,,,,,
Zr-97,Zr,40,97,,16.744,h,60278.4,16.744 h,1,β-,1.0,Nb-97,,,,,,,,,
